ISO-10303-21;
HEADER;
FILE_DESCRIPTION(('FreeCAD Model'),'2;1');
FILE_NAME('Open CASCADE Shape Model','2026-02-04T11:40:21',(''),(''),
  'Open CASCADE STEP processor 7.8','FreeCAD','Unknown');
FILE_SCHEMA(('AUTOMOTIVE_DESIGN { 1 0 10303 214 1 1 1 1 }'));
ENDSEC;
DATA;
#1 = APPLICATION_PROTOCOL_DEFINITION('international standard',
  'automotive_design',2000,#2);
#2 = APPLICATION_CONTEXT(
  'core data for automotive mechanical design processes');
#3 = SHAPE_DEFINITION_REPRESENTATION(#4,#10);
#4 = PRODUCT_DEFINITION_SHAPE('','',#5);
#5 = PRODUCT_DEFINITION('design','',#6,#9);
#6 = PRODUCT_DEFINITION_FORMATION('','',#7);
#7 = PRODUCT('clip','clip','',(#8));
#8 = PRODUCT_CONTEXT('',#2,'mechanical');
#9 = PRODUCT_DEFINITION_CONTEXT('part definition',#2,'design');
#10 = ADVANCED_BREP_SHAPE_REPRESENTATION('',(#11,#15),#2783);
#11 = AXIS2_PLACEMENT_3D('',#12,#13,#14);
#12 = CARTESIAN_POINT('',(0.,0.,0.));
#13 = DIRECTION('',(0.,0.,1.));
#14 = DIRECTION('',(1.,0.,-0.));
#15 = MANIFOLD_SOLID_BREP('',#16);
#16 = CLOSED_SHELL('',(#17,#100,#201,#225,#265,#297,#322,#356,#465,#571,
    #588,#626,#658,#682,#706,#731,#756,#812,#836,#854,#878,#903,#1414,
    #1431,#1453,#1470,#1487,#1504,#1521,#1538,#1555,#1573,#1590,#1607,
    #1619,#1631,#1656,#2032,#2049,#2074,#2091,#2108,#2125,#2142,#2159,
    #2176,#2193,#2210,#2227,#2244,#2261,#2278,#2295,#2312,#2329,#2346,
    #2363,#2380,#2397,#2414,#2431,#2448,#2465,#2482,#2499,#2516,#2533,
    #2550,#2567,#2584,#2601,#2618,#2635,#2652,#2669,#2686,#2703,#2720,
    #2737,#2754,#2766));
#17 = ADVANCED_FACE('',(#18),#95,.F.);
#18 = FACE_BOUND('',#19,.T.);
#19 = EDGE_LOOP('',(#20,#30,#38,#47,#55,#64,#73,#81,#89));
#20 = ORIENTED_EDGE('',*,*,#21,.F.);
#21 = EDGE_CURVE('',#22,#24,#26,.T.);
#22 = VERTEX_POINT('',#23);
#23 = CARTESIAN_POINT('',(-8.547227139896,2.E-15,1.E-01));
#24 = VERTEX_POINT('',#25);
#25 = CARTESIAN_POINT('',(-8.547227139896,32.853959347774,
    9.999999999999E-02));
#26 = LINE('',#27,#28);
#27 = CARTESIAN_POINT('',(-8.547227139896,-10.,1.E-01));
#28 = VECTOR('',#29,1.);
#29 = DIRECTION('',(2.2E-16,1.,-2.2E-16));
#30 = ORIENTED_EDGE('',*,*,#31,.T.);
#31 = EDGE_CURVE('',#22,#32,#34,.T.);
#32 = VERTEX_POINT('',#33);
#33 = CARTESIAN_POINT('',(-9.644191514388,2.E-15,2.));
#34 = LINE('',#35,#36);
#35 = CARTESIAN_POINT('',(-7.776838706327,1.73E-15,-1.234353291518));
#36 = VECTOR('',#37,1.);
#37 = DIRECTION('',(-0.499999611325,1.1E-16,0.866025628186));
#38 = ORIENTED_EDGE('',*,*,#39,.F.);
#39 = EDGE_CURVE('',#40,#32,#42,.T.);
#40 = VERTEX_POINT('',#41);
#41 = CARTESIAN_POINT('',(-10.79889085595,-2.,4.));
#42 = ELLIPSE('',#43,2.309400478354,2.);
#43 = AXIS2_PLACEMENT_3D('',#44,#45,#46);
#44 = CARTESIAN_POINT('',(-9.644191514388,-2.,2.));
#45 = DIRECTION('',(-0.866025628186,8.E-17,-0.499999611325));
#46 = DIRECTION('',(0.499999611325,-3.E-16,-0.866025628186));
#47 = ORIENTED_EDGE('',*,*,#48,.T.);
#48 = EDGE_CURVE('',#40,#49,#51,.T.);
#49 = VERTEX_POINT('',#50);
#50 = CARTESIAN_POINT('',(-10.79889085595,-8.510592431522,4.));
#51 = LINE('',#52,#53);
#52 = CARTESIAN_POINT('',(-10.79889085595,-6.,4.));
#53 = VECTOR('',#54,1.);
#54 = DIRECTION('',(-9.E-17,-1.,0.));
#55 = ORIENTED_EDGE('',*,*,#56,.T.);
#56 = EDGE_CURVE('',#49,#57,#59,.T.);
#57 = VERTEX_POINT('',#58);
#58 = CARTESIAN_POINT('',(-11.19,-8.212761060913,4.67742161091));
#59 = ELLIPSE('',#60,16.000012437616,8.);
#60 = AXIS2_PLACEMENT_3D('',#61,#62,#63);
#61 = CARTESIAN_POINT('',(-6.15,-2.,-4.052123507121));
#62 = DIRECTION('',(-0.866025628186,8.E-17,-0.499999611325));
#63 = DIRECTION('',(0.499999611325,-5.E-17,-0.866025628186));
#64 = ORIENTED_EDGE('',*,*,#65,.T.);
#65 = EDGE_CURVE('',#57,#66,#68,.T.);
#66 = VERTEX_POINT('',#67);
#67 = CARTESIAN_POINT('',(-12.3,-5.882975663071,6.6));
#68 = ELLIPSE('',#69,6.000004664106,3.);
#69 = AXIS2_PLACEMENT_3D('',#70,#71,#72);
#70 = CARTESIAN_POINT('',(-9.3,-5.882975663071,1.403842191648));
#71 = DIRECTION('',(-0.866025628186,8.E-17,-0.499999611325));
#72 = DIRECTION('',(0.499999611325,-5.E-17,-0.866025628186));
#73 = ORIENTED_EDGE('',*,*,#74,.T.);
#74 = EDGE_CURVE('',#66,#75,#77,.T.);
#75 = VERTEX_POINT('',#76);
#76 = CARTESIAN_POINT('',(-12.3,37.531,6.6));
#77 = LINE('',#78,#79);
#78 = CARTESIAN_POINT('',(-12.3,-10.,6.6));
#79 = VECTOR('',#80,1.);
#80 = DIRECTION('',(2.2E-16,1.,-2.2E-16));
#81 = ORIENTED_EDGE('',*,*,#82,.F.);
#82 = EDGE_CURVE('',#83,#75,#85,.T.);
#83 = VERTEX_POINT('',#84);
#84 = CARTESIAN_POINT('',(-11.76530492289,37.531,5.67388));
#85 = LINE('',#86,#87);
#86 = CARTESIAN_POINT('',(-10.84336952733,37.531,4.077039398521));
#87 = VECTOR('',#88,1.);
#88 = DIRECTION('',(-0.499999611325,0.,0.866025628186));
#89 = ORIENTED_EDGE('',*,*,#90,.F.);
#90 = EDGE_CURVE('',#24,#83,#91,.T.);
#91 = LINE('',#92,#93);
#92 = CARTESIAN_POINT('',(-4.542709002643,27.033934045877,
    -6.836036062525));
#93 = VECTOR('',#94,1.);
#94 = DIRECTION('',(-0.404481396009,0.587858982837,0.700583054734));
#95 = PLANE('',#96);
#96 = AXIS2_PLACEMENT_3D('',#97,#98,#99);
#97 = CARTESIAN_POINT('',(-12.3,-10.,6.6));
#98 = DIRECTION('',(0.866025628186,-8.E-17,0.499999611325));
#99 = DIRECTION('',(-0.499999611325,3.E-16,0.866025628186));
#100 = ADVANCED_FACE('',(#101,#126),#196,.T.);
#101 = FACE_BOUND('',#102,.T.);
#102 = EDGE_LOOP('',(#103,#113,#119,#120));
#103 = ORIENTED_EDGE('',*,*,#104,.F.);
#104 = EDGE_CURVE('',#105,#107,#109,.T.);
#105 = VERTEX_POINT('',#106);
#106 = CARTESIAN_POINT('',(8.547227139896,0.,0.1));
#107 = VERTEX_POINT('',#108);
#108 = CARTESIAN_POINT('',(8.547227139896,32.853959347774,
    9.999999999999E-02));
#109 = LINE('',#110,#111);
#110 = CARTESIAN_POINT('',(8.547227139896,-10.,0.1));
#111 = VECTOR('',#112,1.);
#112 = DIRECTION('',(0.,1.,-2.2E-16));
#113 = ORIENTED_EDGE('',*,*,#114,.T.);
#114 = EDGE_CURVE('',#105,#22,#115,.T.);
#115 = LINE('',#116,#117);
#116 = CARTESIAN_POINT('',(-4.273613569948,9.5E-16,1.E-01));
#117 = VECTOR('',#118,1.);
#118 = DIRECTION('',(-1.,2.2E-16,-2.2E-16));
#119 = ORIENTED_EDGE('',*,*,#21,.T.);
#120 = ORIENTED_EDGE('',*,*,#121,.F.);
#121 = EDGE_CURVE('',#107,#24,#122,.T.);
#122 = LINE('',#123,#124);
#123 = CARTESIAN_POINT('',(1.22E-15,32.853959347774,9.999999999999E-02)
  );
#124 = VECTOR('',#125,1.);
#125 = DIRECTION('',(-1.,0.,0.));
#126 = FACE_BOUND('',#127,.T.);
#127 = EDGE_LOOP('',(#128,#139,#147,#156,#164,#173,#181,#190));
#128 = ORIENTED_EDGE('',*,*,#129,.F.);
#129 = EDGE_CURVE('',#130,#132,#134,.T.);
#130 = VERTEX_POINT('',#131);
#131 = CARTESIAN_POINT('',(7.,9.45,9.999999999999E-02));
#132 = VERTEX_POINT('',#133);
#133 = CARTESIAN_POINT('',(4.55,7.,9.999999999999E-02));
#134 = CIRCLE('',#135,2.45);
#135 = AXIS2_PLACEMENT_3D('',#136,#137,#138);
#136 = CARTESIAN_POINT('',(4.55,9.45,9.999999999999E-02));
#137 = DIRECTION('',(-0.,-0.,-1.));
#138 = DIRECTION('',(0.,-1.,0.));
#139 = ORIENTED_EDGE('',*,*,#140,.F.);
#140 = EDGE_CURVE('',#141,#130,#143,.T.);
#141 = VERTEX_POINT('',#142);
#142 = CARTESIAN_POINT('',(7.,29.55,9.999999999999E-02));
#143 = LINE('',#144,#145);
#144 = CARTESIAN_POINT('',(7.,25.064099631177,9.999999999999E-02));
#145 = VECTOR('',#146,1.);
#146 = DIRECTION('',(0.,-1.,0.));
#147 = ORIENTED_EDGE('',*,*,#148,.F.);
#148 = EDGE_CURVE('',#149,#141,#151,.T.);
#149 = VERTEX_POINT('',#150);
#150 = CARTESIAN_POINT('',(6.55,30.,9.999999999999E-02));
#151 = CIRCLE('',#152,0.45);
#152 = AXIS2_PLACEMENT_3D('',#153,#154,#155);
#153 = CARTESIAN_POINT('',(6.55,29.55,9.999999999999E-02));
#154 = DIRECTION('',(-0.,-0.,-1.));
#155 = DIRECTION('',(0.,-1.,0.));
#156 = ORIENTED_EDGE('',*,*,#157,.F.);
#157 = EDGE_CURVE('',#158,#149,#160,.T.);
#158 = VERTEX_POINT('',#159);
#159 = CARTESIAN_POINT('',(-4.55,30.,9.999999999999E-02));
#160 = LINE('',#161,#162);
#161 = CARTESIAN_POINT('',(3.,30.,9.999999999999E-02));
#162 = VECTOR('',#163,1.);
#163 = DIRECTION('',(1.,0.,0.));
#164 = ORIENTED_EDGE('',*,*,#165,.F.);
#165 = EDGE_CURVE('',#166,#158,#168,.T.);
#166 = VERTEX_POINT('',#167);
#167 = CARTESIAN_POINT('',(-7.,27.55,9.999999999999E-02));
#168 = CIRCLE('',#169,2.45);
#169 = AXIS2_PLACEMENT_3D('',#170,#171,#172);
#170 = CARTESIAN_POINT('',(-4.55,27.55,9.999999999999E-02));
#171 = DIRECTION('',(-0.,-0.,-1.));
#172 = DIRECTION('',(0.,-1.,0.));
#173 = ORIENTED_EDGE('',*,*,#174,.T.);
#174 = EDGE_CURVE('',#166,#175,#177,.T.);
#175 = VERTEX_POINT('',#176);
#176 = CARTESIAN_POINT('',(-7.,9.45,9.999999999999E-02));
#177 = LINE('',#178,#179);
#178 = CARTESIAN_POINT('',(-7.,25.064099631177,9.999999999999E-02));
#179 = VECTOR('',#180,1.);
#180 = DIRECTION('',(0.,-1.,0.));
#181 = ORIENTED_EDGE('',*,*,#182,.F.);
#182 = EDGE_CURVE('',#183,#175,#185,.T.);
#183 = VERTEX_POINT('',#184);
#184 = CARTESIAN_POINT('',(-4.55,7.,9.999999999999E-02));
#185 = CIRCLE('',#186,2.45);
#186 = AXIS2_PLACEMENT_3D('',#187,#188,#189);
#187 = CARTESIAN_POINT('',(-4.55,9.45,9.999999999999E-02));
#188 = DIRECTION('',(-0.,-0.,-1.));
#189 = DIRECTION('',(0.,-1.,0.));
#190 = ORIENTED_EDGE('',*,*,#191,.T.);
#191 = EDGE_CURVE('',#183,#132,#192,.T.);
#192 = LINE('',#193,#194);
#193 = CARTESIAN_POINT('',(-3.5,7.,9.999999999999E-02));
#194 = VECTOR('',#195,1.);
#195 = DIRECTION('',(1.,0.,0.));
#196 = PLANE('',#197);
#197 = AXIS2_PLACEMENT_3D('',#198,#199,#200);
#198 = CARTESIAN_POINT('',(2.44E-15,20.128199262355,9.999999999999E-02)
  );
#199 = DIRECTION('',(-0.,-0.,-1.));
#200 = DIRECTION('',(-1.,0.,0.));
#201 = ADVANCED_FACE('',(#202),#220,.F.);
#202 = FACE_BOUND('',#203,.F.);
#203 = EDGE_LOOP('',(#204,#212,#218,#219));
#204 = ORIENTED_EDGE('',*,*,#205,.T.);
#205 = EDGE_CURVE('',#107,#206,#208,.T.);
#206 = VERTEX_POINT('',#207);
#207 = CARTESIAN_POINT('',(11.765304922892,37.531,5.67388));
#208 = LINE('',#209,#210);
#209 = CARTESIAN_POINT('',(4.542709002643,27.033934045877,
    -6.836036062525));
#210 = VECTOR('',#211,1.);
#211 = DIRECTION('',(0.404481396009,0.587858982837,0.700583054734));
#212 = ORIENTED_EDGE('',*,*,#213,.T.);
#213 = EDGE_CURVE('',#206,#83,#214,.T.);
#214 = LINE('',#215,#216);
#215 = CARTESIAN_POINT('',(0.,37.531,5.67388));
#216 = VECTOR('',#217,1.);
#217 = DIRECTION('',(-1.,-0.,-0.));
#218 = ORIENTED_EDGE('',*,*,#90,.F.);
#219 = ORIENTED_EDGE('',*,*,#121,.F.);
#220 = PLANE('',#221);
#221 = AXIS2_PLACEMENT_3D('',#222,#223,#224);
#222 = CARTESIAN_POINT('',(0.,34.805636252274,2.425917962521));
#223 = DIRECTION('',(-0.,-0.766044443119,0.642787609687));
#224 = DIRECTION('',(0.,-0.642787609687,-0.766044443119));
#225 = ADVANCED_FACE('',(#226),#260,.F.);
#226 = FACE_BOUND('',#227,.F.);
#227 = EDGE_LOOP('',(#228,#229,#230,#238,#246,#254));
#228 = ORIENTED_EDGE('',*,*,#82,.F.);
#229 = ORIENTED_EDGE('',*,*,#213,.F.);
#230 = ORIENTED_EDGE('',*,*,#231,.T.);
#231 = EDGE_CURVE('',#206,#232,#234,.T.);
#232 = VERTEX_POINT('',#233);
#233 = CARTESIAN_POINT('',(12.3,37.531,6.6));
#234 = LINE('',#235,#236);
#235 = CARTESIAN_POINT('',(10.843369527332,37.531,4.077039398521));
#236 = VECTOR('',#237,1.);
#237 = DIRECTION('',(0.499999611325,-0.,0.866025628186));
#238 = ORIENTED_EDGE('',*,*,#239,.T.);
#239 = EDGE_CURVE('',#232,#240,#242,.T.);
#240 = VERTEX_POINT('',#241);
#241 = CARTESIAN_POINT('',(12.3,37.531,6.848003483073));
#242 = LINE('',#243,#244);
#243 = CARTESIAN_POINT('',(12.3,37.531,7.28675475));
#244 = VECTOR('',#245,1.);
#245 = DIRECTION('',(0.,-0.,1.));
#246 = ORIENTED_EDGE('',*,*,#247,.F.);
#247 = EDGE_CURVE('',#248,#240,#250,.T.);
#248 = VERTEX_POINT('',#249);
#249 = CARTESIAN_POINT('',(-12.3,37.531,6.848003483073));
#250 = LINE('',#251,#252);
#251 = CARTESIAN_POINT('',(2.37E-15,37.531,6.848003483073));
#252 = VECTOR('',#253,1.);
#253 = DIRECTION('',(1.,0.,0.));
#254 = ORIENTED_EDGE('',*,*,#255,.F.);
#255 = EDGE_CURVE('',#75,#248,#256,.T.);
#256 = LINE('',#257,#258);
#257 = CARTESIAN_POINT('',(-12.3,37.531,7.28675475));
#258 = VECTOR('',#259,1.);
#259 = DIRECTION('',(-2.2E-16,0.,1.));
#260 = PLANE('',#261);
#261 = AXIS2_PLACEMENT_3D('',#262,#263,#264);
#262 = CARTESIAN_POINT('',(0.,37.531,6.9735095));
#263 = DIRECTION('',(-0.,-1.,-0.));
#264 = DIRECTION('',(0.,0.,-1.));
#265 = ADVANCED_FACE('',(#266),#292,.F.);
#266 = FACE_BOUND('',#267,.T.);
#267 = EDGE_LOOP('',(#268,#269,#277,#285,#291));
#268 = ORIENTED_EDGE('',*,*,#74,.F.);
#269 = ORIENTED_EDGE('',*,*,#270,.T.);
#270 = EDGE_CURVE('',#66,#271,#273,.T.);
#271 = VERTEX_POINT('',#272);
#272 = CARTESIAN_POINT('',(-12.3,-5.882975663071,7.6));
#273 = LINE('',#274,#275);
#274 = CARTESIAN_POINT('',(-12.3,-5.882975663071,-2.73E-15));
#275 = VECTOR('',#276,1.);
#276 = DIRECTION('',(-2.2E-16,0.,1.));
#277 = ORIENTED_EDGE('',*,*,#278,.T.);
#278 = EDGE_CURVE('',#271,#279,#281,.T.);
#279 = VERTEX_POINT('',#280);
#280 = CARTESIAN_POINT('',(-12.3,36.9,7.6));
#281 = LINE('',#282,#283);
#282 = CARTESIAN_POINT('',(-12.3,-10.,7.6));
#283 = VECTOR('',#284,1.);
#284 = DIRECTION('',(2.2E-16,1.,-2.2E-16));
#285 = ORIENTED_EDGE('',*,*,#286,.T.);
#286 = EDGE_CURVE('',#279,#248,#287,.T.);
#287 = LINE('',#288,#289);
#288 = CARTESIAN_POINT('',(-12.3,25.270187436232,21.459870904068));
#289 = VECTOR('',#290,1.);
#290 = DIRECTION('',(3.1E-16,0.642787609687,-0.766044443119));
#291 = ORIENTED_EDGE('',*,*,#255,.F.);
#292 = PLANE('',#293);
#293 = AXIS2_PLACEMENT_3D('',#294,#295,#296);
#294 = CARTESIAN_POINT('',(-12.3,-10.,7.6));
#295 = DIRECTION('',(1.,-2.2E-16,2.2E-16));
#296 = DIRECTION('',(-2.2E-16,2.2E-16,1.));
#297 = ADVANCED_FACE('',(#298),#317,.T.);
#298 = FACE_BOUND('',#299,.T.);
#299 = EDGE_LOOP('',(#300,#301,#309,#316));
#300 = ORIENTED_EDGE('',*,*,#65,.F.);
#301 = ORIENTED_EDGE('',*,*,#302,.T.);
#302 = EDGE_CURVE('',#57,#303,#305,.T.);
#303 = VERTEX_POINT('',#304);
#304 = CARTESIAN_POINT('',(-11.19,-8.212761060913,7.6));
#305 = LINE('',#306,#307);
#306 = CARTESIAN_POINT('',(-11.19,-8.212761060913,-2.48E-15));
#307 = VECTOR('',#308,1.);
#308 = DIRECTION('',(-2.2E-16,0.,1.));
#309 = ORIENTED_EDGE('',*,*,#310,.F.);
#310 = EDGE_CURVE('',#271,#303,#311,.T.);
#311 = CIRCLE('',#312,3.);
#312 = AXIS2_PLACEMENT_3D('',#313,#314,#315);
#313 = CARTESIAN_POINT('',(-9.3,-5.882975663071,7.6));
#314 = DIRECTION('',(-2.2E-16,0.,1.));
#315 = DIRECTION('',(-1.,2.2E-16,-2.2E-16));
#316 = ORIENTED_EDGE('',*,*,#270,.F.);
#317 = CYLINDRICAL_SURFACE('',#318,3.);
#318 = AXIS2_PLACEMENT_3D('',#319,#320,#321);
#319 = CARTESIAN_POINT('',(-9.3,-5.882975663071,-2.07E-15));
#320 = DIRECTION('',(2.2E-16,0.,-1.));
#321 = DIRECTION('',(-1.,2.2E-16,-2.2E-16));
#322 = ADVANCED_FACE('',(#323),#351,.T.);
#323 = FACE_BOUND('',#324,.T.);
#324 = EDGE_LOOP('',(#325,#334,#342,#349,#350));
#325 = ORIENTED_EDGE('',*,*,#326,.T.);
#326 = EDGE_CURVE('',#49,#327,#329,.T.);
#327 = VERTEX_POINT('',#328);
#328 = CARTESIAN_POINT('',(-6.15,-10.,4.));
#329 = CIRCLE('',#330,8.);
#330 = AXIS2_PLACEMENT_3D('',#331,#332,#333);
#331 = CARTESIAN_POINT('',(-6.15,-2.,4.));
#332 = DIRECTION('',(-2.2E-16,0.,1.));
#333 = DIRECTION('',(-1.,2.2E-16,-2.2E-16));
#334 = ORIENTED_EDGE('',*,*,#335,.T.);
#335 = EDGE_CURVE('',#327,#336,#338,.T.);
#336 = VERTEX_POINT('',#337);
#337 = CARTESIAN_POINT('',(-6.15,-10.,7.6));
#338 = LINE('',#339,#340);
#339 = CARTESIAN_POINT('',(-6.15,-10.,-1.37E-15));
#340 = VECTOR('',#341,1.);
#341 = DIRECTION('',(-2.2E-16,0.,1.));
#342 = ORIENTED_EDGE('',*,*,#343,.F.);
#343 = EDGE_CURVE('',#303,#336,#344,.T.);
#344 = CIRCLE('',#345,8.);
#345 = AXIS2_PLACEMENT_3D('',#346,#347,#348);
#346 = CARTESIAN_POINT('',(-6.15,-2.,7.6));
#347 = DIRECTION('',(-2.2E-16,0.,1.));
#348 = DIRECTION('',(-1.,2.2E-16,-2.2E-16));
#349 = ORIENTED_EDGE('',*,*,#302,.F.);
#350 = ORIENTED_EDGE('',*,*,#56,.F.);
#351 = CYLINDRICAL_SURFACE('',#352,8.);
#352 = AXIS2_PLACEMENT_3D('',#353,#354,#355);
#353 = CARTESIAN_POINT('',(-6.15,-2.,-1.37E-15));
#354 = DIRECTION('',(2.2E-16,0.,-1.));
#355 = DIRECTION('',(-1.,2.2E-16,-2.2E-16));
#356 = ADVANCED_FACE('',(#357),#460,.T.);
#357 = FACE_BOUND('',#358,.T.);
#358 = EDGE_LOOP('',(#359,#367,#368,#369,#377,#385,#394,#403,#411,#420,
    #429,#437,#445,#453));
#359 = ORIENTED_EDGE('',*,*,#360,.F.);
#360 = EDGE_CURVE('',#327,#361,#363,.T.);
#361 = VERTEX_POINT('',#362);
#362 = CARTESIAN_POINT('',(6.15,-10.,4.));
#363 = LINE('',#364,#365);
#364 = CARTESIAN_POINT('',(-2.750233796556,-10.,4.));
#365 = VECTOR('',#366,1.);
#366 = DIRECTION('',(1.,-2.2E-16,2.2E-16));
#367 = ORIENTED_EDGE('',*,*,#326,.F.);
#368 = ORIENTED_EDGE('',*,*,#48,.F.);
#369 = ORIENTED_EDGE('',*,*,#370,.F.);
#370 = EDGE_CURVE('',#371,#40,#373,.T.);
#371 = VERTEX_POINT('',#372);
#372 = CARTESIAN_POINT('',(-9.3,-2.,4.));
#373 = LINE('',#374,#375);
#374 = CARTESIAN_POINT('',(-1.33E-15,-2.,4.));
#375 = VECTOR('',#376,1.);
#376 = DIRECTION('',(-1.,2.2E-16,-2.2E-16));
#377 = ORIENTED_EDGE('',*,*,#378,.T.);
#378 = EDGE_CURVE('',#371,#379,#381,.T.);
#379 = VERTEX_POINT('',#380);
#380 = CARTESIAN_POINT('',(-9.3,-5.373054995105,4.));
#381 = LINE('',#382,#383);
#382 = CARTESIAN_POINT('',(-9.3,-1.5,4.));
#383 = VECTOR('',#384,1.);
#384 = DIRECTION('',(-2.2E-16,-1.,-0.));
#385 = ORIENTED_EDGE('',*,*,#386,.T.);
#386 = EDGE_CURVE('',#379,#387,#389,.T.);
#387 = VERTEX_POINT('',#388);
#388 = CARTESIAN_POINT('',(-8.8375,-6.216318743881,4.));
#389 = CIRCLE('',#390,1.);
#390 = AXIS2_PLACEMENT_3D('',#391,#392,#393);
#391 = CARTESIAN_POINT('',(-8.3,-5.373054995105,4.));
#392 = DIRECTION('',(-2.2E-16,0.,1.));
#393 = DIRECTION('',(-1.,2.2E-16,-2.2E-16));
#394 = ORIENTED_EDGE('',*,*,#395,.T.);
#395 = EDGE_CURVE('',#387,#396,#398,.T.);
#396 = VERTEX_POINT('',#397);
#397 = CARTESIAN_POINT('',(-6.15,-7.,4.));
#398 = CIRCLE('',#399,5.);
#399 = AXIS2_PLACEMENT_3D('',#400,#401,#402);
#400 = CARTESIAN_POINT('',(-6.15,-2.,4.));
#401 = DIRECTION('',(-2.2E-16,0.,1.));
#402 = DIRECTION('',(-1.,2.2E-16,-2.2E-16));
#403 = ORIENTED_EDGE('',*,*,#404,.F.);
#404 = EDGE_CURVE('',#405,#396,#407,.T.);
#405 = VERTEX_POINT('',#406);
#406 = CARTESIAN_POINT('',(6.15,-7.,4.));
#407 = LINE('',#408,#409);
#408 = CARTESIAN_POINT('',(3.075,-7.,4.));
#409 = VECTOR('',#410,1.);
#410 = DIRECTION('',(-1.,-0.,-0.));
#411 = ORIENTED_EDGE('',*,*,#412,.F.);
#412 = EDGE_CURVE('',#413,#405,#415,.T.);
#413 = VERTEX_POINT('',#414);
#414 = CARTESIAN_POINT('',(8.8375,-6.216318743881,4.));
#415 = CIRCLE('',#416,5.);
#416 = AXIS2_PLACEMENT_3D('',#417,#418,#419);
#417 = CARTESIAN_POINT('',(6.15,-2.,4.));
#418 = DIRECTION('',(0.,0.,-1.));
#419 = DIRECTION('',(1.,0.,0.));
#420 = ORIENTED_EDGE('',*,*,#421,.F.);
#421 = EDGE_CURVE('',#422,#413,#424,.T.);
#422 = VERTEX_POINT('',#423);
#423 = CARTESIAN_POINT('',(9.3,-5.373054995105,4.));
#424 = CIRCLE('',#425,1.);
#425 = AXIS2_PLACEMENT_3D('',#426,#427,#428);
#426 = CARTESIAN_POINT('',(8.3,-5.373054995105,4.));
#427 = DIRECTION('',(0.,0.,-1.));
#428 = DIRECTION('',(1.,0.,0.));
#429 = ORIENTED_EDGE('',*,*,#430,.F.);
#430 = EDGE_CURVE('',#431,#422,#433,.T.);
#431 = VERTEX_POINT('',#432);
#432 = CARTESIAN_POINT('',(9.3,-2.,4.));
#433 = LINE('',#434,#435);
#434 = CARTESIAN_POINT('',(9.3,-1.5,4.));
#435 = VECTOR('',#436,1.);
#436 = DIRECTION('',(0.,-1.,0.));
#437 = ORIENTED_EDGE('',*,*,#438,.T.);
#438 = EDGE_CURVE('',#431,#439,#441,.T.);
#439 = VERTEX_POINT('',#440);
#440 = CARTESIAN_POINT('',(10.798890855958,-2.,4.));
#441 = LINE('',#442,#443);
#442 = CARTESIAN_POINT('',(0.,-2.,4.));
#443 = VECTOR('',#444,1.);
#444 = DIRECTION('',(1.,0.,0.));
#445 = ORIENTED_EDGE('',*,*,#446,.T.);
#446 = EDGE_CURVE('',#439,#447,#449,.T.);
#447 = VERTEX_POINT('',#448);
#448 = CARTESIAN_POINT('',(10.798890855958,-8.510592431522,4.));
#449 = LINE('',#450,#451);
#450 = CARTESIAN_POINT('',(10.798890855958,-6.,4.));
#451 = VECTOR('',#452,1.);
#452 = DIRECTION('',(-1.3E-16,-1.,-0.));
#453 = ORIENTED_EDGE('',*,*,#454,.T.);
#454 = EDGE_CURVE('',#447,#361,#455,.T.);
#455 = CIRCLE('',#456,8.);
#456 = AXIS2_PLACEMENT_3D('',#457,#458,#459);
#457 = CARTESIAN_POINT('',(6.15,-2.,4.));
#458 = DIRECTION('',(0.,0.,-1.));
#459 = DIRECTION('',(1.,0.,0.));
#460 = PLANE('',#461);
#461 = AXIS2_PLACEMENT_3D('',#462,#463,#464);
#462 = CARTESIAN_POINT('',(-1.86E-15,-6.959840421421,4.));
#463 = DIRECTION('',(-0.,-0.,-1.));
#464 = DIRECTION('',(-1.,0.,0.));
#465 = ADVANCED_FACE('',(#466),#566,.F.);
#466 = FACE_BOUND('',#467,.T.);
#467 = EDGE_LOOP('',(#468,#469,#477,#484,#485,#522,#530,#565));
#468 = ORIENTED_EDGE('',*,*,#39,.T.);
#469 = ORIENTED_EDGE('',*,*,#470,.T.);
#470 = EDGE_CURVE('',#32,#471,#473,.T.);
#471 = VERTEX_POINT('',#472);
#472 = CARTESIAN_POINT('',(9.644191514388,0.,2.));
#473 = LINE('',#474,#475);
#474 = CARTESIAN_POINT('',(0.,0.,2.));
#475 = VECTOR('',#476,1.);
#476 = DIRECTION('',(1.,0.,0.));
#477 = ORIENTED_EDGE('',*,*,#478,.F.);
#478 = EDGE_CURVE('',#439,#471,#479,.T.);
#479 = ELLIPSE('',#480,2.309400478354,2.);
#480 = AXIS2_PLACEMENT_3D('',#481,#482,#483);
#481 = CARTESIAN_POINT('',(9.644191514388,-2.,2.));
#482 = DIRECTION('',(-0.866025628186,1.1E-16,0.499999611325));
#483 = DIRECTION('',(-0.499999611325,-1.9E-16,-0.866025628186));
#484 = ORIENTED_EDGE('',*,*,#438,.F.);
#485 = ORIENTED_EDGE('',*,*,#486,.F.);
#486 = EDGE_CURVE('',#487,#431,#489,.T.);
#487 = VERTEX_POINT('',#488);
#488 = CARTESIAN_POINT('',(8.3,-1.,3.732050807569));
#489 = B_SPLINE_CURVE_WITH_KNOTS('',7,(#490,#491,#492,#493,#494,#495,
    #496,#497,#498,#499,#500,#501,#502,#503,#504,#505,#506,#507,#508,
    #509,#510,#511,#512,#513,#514,#515,#516,#517,#518,#519,#520,#521),
  .UNSPECIFIED.,.F.,.F.,(8,6,6,6,6,8),(0.,0.378520894209,0.550568342079,
    0.620622189049,0.725603250277,1.),.UNSPECIFIED.);
#490 = CARTESIAN_POINT('',(8.3,-1.,3.732050807569));
#491 = CARTESIAN_POINT('',(8.380568191502,-1.,3.732050807569));
#492 = CARTESIAN_POINT('',(8.461140115275,-1.007573091263,3.736423088414
    ));
#493 = CARTESIAN_POINT('',(8.54081797527,-1.022720629041,3.74516874649)
  );
#494 = CARTESIAN_POINT('',(8.618806367933,-1.04529862624,3.757925520112)
  );
#495 = CARTESIAN_POINT('',(8.694399927539,-1.075114801809,3.774027528935
    ));
#496 = CARTESIAN_POINT('',(8.766950631772,-1.111961932186,3.792683274184
    ));
#497 = CARTESIAN_POINT('',(8.867132776446,-1.175539454465,3.822291174508
    ));
#498 = CARTESIAN_POINT('',(8.897683041142,-1.196826858591,3.831895602151
    ));
#499 = CARTESIAN_POINT('',(8.927420981062,-1.219521047679,3.841773152578
    ));
#500 = CARTESIAN_POINT('',(8.956286330531,-1.243608822264,3.851841231764
    ));
#501 = CARTESIAN_POINT('',(8.98421484098,-1.269076351111,3.862014402499)
  );
#502 = CARTESIAN_POINT('',(9.011137955736,-1.295908499711,3.872205021803
    ));
#503 = CARTESIAN_POINT('',(9.047505795119,-1.335562281463,3.886444048861
    ));
#504 = CARTESIAN_POINT('',(9.057850087648,-1.34725958044,3.89055224708)
  );
#505 = CARTESIAN_POINT('',(9.068010303439,-1.359178796847,3.89464239198)
  );
#506 = CARTESIAN_POINT('',(9.077981192538,-1.371318461142,3.898708337979
    ));
#507 = CARTESIAN_POINT('',(9.087757313981,-1.383676893104,3.902743874921
    ));
#508 = CARTESIAN_POINT('',(9.097333035795,-1.396252201833,3.90674272807)
  );
#509 = CARTESIAN_POINT('',(9.120743447982,-1.428209207217,3.916626672754
    ));
#510 = CARTESIAN_POINT('',(9.134321155071,-1.447858295015,3.922458136318
    ));
#511 = CARTESIAN_POINT('',(9.147416199542,-1.467982416933,3.928171711721
    ));
#512 = CARTESIAN_POINT('',(9.160007917094,-1.488572765777,3.933745756292
    ));
#513 = CARTESIAN_POINT('',(9.172074735291,-1.509618545188,3.939158439222
    ));
#514 = CARTESIAN_POINT('',(9.183594473,-1.531106655453,3.944387959024));
#515 = CARTESIAN_POINT('',(9.223165899275,-1.610301510929,3.96254645679)
  );
#516 = CARTESIAN_POINT('',(9.247919843807,-1.670543715817,3.974292378147
    ));
#517 = CARTESIAN_POINT('',(9.268361593009,-1.733412826204,3.984248043702
    ));
#518 = CARTESIAN_POINT('',(9.284071562574,-1.798455921821,3.99203522359)
  );
#519 = CARTESIAN_POINT('',(9.294692809507,-1.865081836598,3.997346609554
    ));
#520 = CARTESIAN_POINT('',(9.3,-1.932554483856,4.));
#521 = CARTESIAN_POINT('',(9.3,-2.,4.));
#522 = ORIENTED_EDGE('',*,*,#523,.F.);
#523 = EDGE_CURVE('',#524,#487,#526,.T.);
#524 = VERTEX_POINT('',#525);
#525 = CARTESIAN_POINT('',(-8.3,-1.,3.732050807569));
#526 = LINE('',#527,#528);
#527 = CARTESIAN_POINT('',(-1.05E-15,-1.,3.732050807569));
#528 = VECTOR('',#529,1.);
#529 = DIRECTION('',(1.,-2.2E-16,2.2E-16));
#530 = ORIENTED_EDGE('',*,*,#531,.T.);
#531 = EDGE_CURVE('',#524,#371,#532,.T.);
#532 = B_SPLINE_CURVE_WITH_KNOTS('',7,(#533,#534,#535,#536,#537,#538,
    #539,#540,#541,#542,#543,#544,#545,#546,#547,#548,#549,#550,#551,
    #552,#553,#554,#555,#556,#557,#558,#559,#560,#561,#562,#563,#564),
  .UNSPECIFIED.,.F.,.F.,(8,6,6,6,6,8),(0.,0.378520894209,0.550568342079,
    0.620622189049,0.725603250277,1.),.UNSPECIFIED.);
#533 = CARTESIAN_POINT('',(-8.3,-1.,3.732050807569));
#534 = CARTESIAN_POINT('',(-8.380568191502,-1.,3.732050807569));
#535 = CARTESIAN_POINT('',(-8.461140115275,-1.007573091263,
    3.736423088414));
#536 = CARTESIAN_POINT('',(-8.54081797527,-1.022720629041,3.74516874649)
  );
#537 = CARTESIAN_POINT('',(-8.618806367933,-1.04529862624,3.757925520112
    ));
#538 = CARTESIAN_POINT('',(-8.694399927539,-1.075114801809,
    3.774027528935));
#539 = CARTESIAN_POINT('',(-8.766950631772,-1.111961932186,
    3.792683274184));
#540 = CARTESIAN_POINT('',(-8.867132776446,-1.175539454465,
    3.822291174508));
#541 = CARTESIAN_POINT('',(-8.897683041142,-1.196826858591,
    3.831895602151));
#542 = CARTESIAN_POINT('',(-8.927420981062,-1.219521047679,
    3.841773152578));
#543 = CARTESIAN_POINT('',(-8.956286330531,-1.243608822264,
    3.851841231764));
#544 = CARTESIAN_POINT('',(-8.98421484098,-1.269076351111,3.862014402499
    ));
#545 = CARTESIAN_POINT('',(-9.011137955736,-1.295908499711,
    3.872205021803));
#546 = CARTESIAN_POINT('',(-9.047505795119,-1.335562281463,
    3.886444048861));
#547 = CARTESIAN_POINT('',(-9.057850087648,-1.34725958044,3.89055224708)
  );
#548 = CARTESIAN_POINT('',(-9.068010303439,-1.359178796847,3.89464239198
    ));
#549 = CARTESIAN_POINT('',(-9.077981192538,-1.371318461142,
    3.898708337979));
#550 = CARTESIAN_POINT('',(-9.087757313981,-1.383676893104,
    3.902743874921));
#551 = CARTESIAN_POINT('',(-9.097333035795,-1.396252201833,3.90674272807
    ));
#552 = CARTESIAN_POINT('',(-9.120743447982,-1.428209207217,
    3.916626672754));
#553 = CARTESIAN_POINT('',(-9.134321155071,-1.447858295015,
    3.922458136318));
#554 = CARTESIAN_POINT('',(-9.147416199542,-1.467982416933,
    3.928171711721));
#555 = CARTESIAN_POINT('',(-9.160007917094,-1.488572765777,
    3.933745756292));
#556 = CARTESIAN_POINT('',(-9.172074735291,-1.509618545188,
    3.939158439222));
#557 = CARTESIAN_POINT('',(-9.183594473,-1.531106655453,3.944387959024)
  );
#558 = CARTESIAN_POINT('',(-9.223165899275,-1.610301510929,3.96254645679
    ));
#559 = CARTESIAN_POINT('',(-9.247919843807,-1.670543715817,
    3.974292378147));
#560 = CARTESIAN_POINT('',(-9.268361593009,-1.733412826204,
    3.984248043702));
#561 = CARTESIAN_POINT('',(-9.284071562574,-1.798455921821,3.99203522359
    ));
#562 = CARTESIAN_POINT('',(-9.294692809507,-1.865081836598,
    3.997346609554));
#563 = CARTESIAN_POINT('',(-9.3,-1.932554483856,4.));
#564 = CARTESIAN_POINT('',(-9.3,-2.,4.));
#565 = ORIENTED_EDGE('',*,*,#370,.T.);
#566 = CYLINDRICAL_SURFACE('',#567,2.);
#567 = AXIS2_PLACEMENT_3D('',#568,#569,#570);
#568 = CARTESIAN_POINT('',(0.,-2.,2.));
#569 = DIRECTION('',(-1.,-0.,-0.));
#570 = DIRECTION('',(0.,1.,0.));
#571 = ADVANCED_FACE('',(#572),#583,.T.);
#572 = FACE_BOUND('',#573,.T.);
#573 = EDGE_LOOP('',(#574,#575,#576,#577));
#574 = ORIENTED_EDGE('',*,*,#470,.F.);
#575 = ORIENTED_EDGE('',*,*,#31,.F.);
#576 = ORIENTED_EDGE('',*,*,#114,.F.);
#577 = ORIENTED_EDGE('',*,*,#578,.T.);
#578 = EDGE_CURVE('',#105,#471,#579,.T.);
#579 = LINE('',#580,#581);
#580 = CARTESIAN_POINT('',(7.776838706327,0.,-1.234353291518));
#581 = VECTOR('',#582,1.);
#582 = DIRECTION('',(0.499999611325,0.,0.866025628186));
#583 = PLANE('',#584);
#584 = AXIS2_PLACEMENT_3D('',#585,#586,#587);
#585 = CARTESIAN_POINT('',(1.3E-16,5.6E-16,1.101120839295));
#586 = DIRECTION('',(-0.,-1.,-0.));
#587 = DIRECTION('',(0.,0.,-1.));
#588 = ADVANCED_FACE('',(#589),#621,.F.);
#589 = FACE_BOUND('',#590,.F.);
#590 = EDGE_LOOP('',(#591,#592,#593,#594,#595,#604,#613,#619,#620));
#591 = ORIENTED_EDGE('',*,*,#104,.F.);
#592 = ORIENTED_EDGE('',*,*,#578,.T.);
#593 = ORIENTED_EDGE('',*,*,#478,.F.);
#594 = ORIENTED_EDGE('',*,*,#446,.T.);
#595 = ORIENTED_EDGE('',*,*,#596,.T.);
#596 = EDGE_CURVE('',#447,#597,#599,.T.);
#597 = VERTEX_POINT('',#598);
#598 = CARTESIAN_POINT('',(11.19,-8.212761060913,4.67742161091));
#599 = ELLIPSE('',#600,16.000012437616,8.);
#600 = AXIS2_PLACEMENT_3D('',#601,#602,#603);
#601 = CARTESIAN_POINT('',(6.15,-2.,-4.052123507121));
#602 = DIRECTION('',(-0.866025628186,1.1E-16,0.499999611325));
#603 = DIRECTION('',(-0.499999611325,6.E-17,-0.866025628186));
#604 = ORIENTED_EDGE('',*,*,#605,.T.);
#605 = EDGE_CURVE('',#597,#606,#608,.T.);
#606 = VERTEX_POINT('',#607);
#607 = CARTESIAN_POINT('',(12.3,-5.882975663071,6.6));
#608 = ELLIPSE('',#609,6.000004664106,3.);
#609 = AXIS2_PLACEMENT_3D('',#610,#611,#612);
#610 = CARTESIAN_POINT('',(9.3,-5.882975663071,1.403842191648));
#611 = DIRECTION('',(-0.866025628186,1.1E-16,0.499999611325));
#612 = DIRECTION('',(-0.499999611325,6.E-17,-0.866025628186));
#613 = ORIENTED_EDGE('',*,*,#614,.T.);
#614 = EDGE_CURVE('',#606,#232,#615,.T.);
#615 = LINE('',#616,#617);
#616 = CARTESIAN_POINT('',(12.3,-10.,6.6));
#617 = VECTOR('',#618,1.);
#618 = DIRECTION('',(0.,1.,-2.2E-16));
#619 = ORIENTED_EDGE('',*,*,#231,.F.);
#620 = ORIENTED_EDGE('',*,*,#205,.F.);
#621 = PLANE('',#622);
#622 = AXIS2_PLACEMENT_3D('',#623,#624,#625);
#623 = CARTESIAN_POINT('',(12.3,-10.,6.6));
#624 = DIRECTION('',(-0.866025628186,1.1E-16,0.499999611325));
#625 = DIRECTION('',(-0.499999611325,-1.9E-16,-0.866025628186));
#626 = ADVANCED_FACE('',(#627),#653,.F.);
#627 = FACE_BOUND('',#628,.T.);
#628 = EDGE_LOOP('',(#629,#630,#638,#647));
#629 = ORIENTED_EDGE('',*,*,#129,.T.);
#630 = ORIENTED_EDGE('',*,*,#631,.T.);
#631 = EDGE_CURVE('',#132,#632,#634,.T.);
#632 = VERTEX_POINT('',#633);
#633 = CARTESIAN_POINT('',(4.55,7.,7.6));
#634 = LINE('',#635,#636);
#635 = CARTESIAN_POINT('',(4.55,7.,9.999999999999E-02));
#636 = VECTOR('',#637,1.);
#637 = DIRECTION('',(0.,0.,1.));
#638 = ORIENTED_EDGE('',*,*,#639,.F.);
#639 = EDGE_CURVE('',#640,#632,#642,.T.);
#640 = VERTEX_POINT('',#641);
#641 = CARTESIAN_POINT('',(7.,9.45,7.6));
#642 = CIRCLE('',#643,2.45);
#643 = AXIS2_PLACEMENT_3D('',#644,#645,#646);
#644 = CARTESIAN_POINT('',(4.55,9.45,7.6));
#645 = DIRECTION('',(-0.,-0.,-1.));
#646 = DIRECTION('',(0.,-1.,0.));
#647 = ORIENTED_EDGE('',*,*,#648,.F.);
#648 = EDGE_CURVE('',#130,#640,#649,.T.);
#649 = LINE('',#650,#651);
#650 = CARTESIAN_POINT('',(7.,9.45,9.999999999999E-02));
#651 = VECTOR('',#652,1.);
#652 = DIRECTION('',(0.,0.,1.));
#653 = CYLINDRICAL_SURFACE('',#654,2.45);
#654 = AXIS2_PLACEMENT_3D('',#655,#656,#657);
#655 = CARTESIAN_POINT('',(4.55,9.45,9.999999999999E-02));
#656 = DIRECTION('',(0.,0.,1.));
#657 = DIRECTION('',(1.,0.,0.));
#658 = ADVANCED_FACE('',(#659),#677,.F.);
#659 = FACE_BOUND('',#660,.F.);
#660 = EDGE_LOOP('',(#661,#662,#670,#676));
#661 = ORIENTED_EDGE('',*,*,#140,.F.);
#662 = ORIENTED_EDGE('',*,*,#663,.T.);
#663 = EDGE_CURVE('',#141,#664,#666,.T.);
#664 = VERTEX_POINT('',#665);
#665 = CARTESIAN_POINT('',(7.,29.55,7.6));
#666 = LINE('',#667,#668);
#667 = CARTESIAN_POINT('',(7.,29.55,9.999999999999E-02));
#668 = VECTOR('',#669,1.);
#669 = DIRECTION('',(0.,0.,1.));
#670 = ORIENTED_EDGE('',*,*,#671,.F.);
#671 = EDGE_CURVE('',#640,#664,#672,.T.);
#672 = LINE('',#673,#674);
#673 = CARTESIAN_POINT('',(7.,22.110737603353,7.6));
#674 = VECTOR('',#675,1.);
#675 = DIRECTION('',(0.,1.,0.));
#676 = ORIENTED_EDGE('',*,*,#648,.F.);
#677 = PLANE('',#678);
#678 = AXIS2_PLACEMENT_3D('',#679,#680,#681);
#679 = CARTESIAN_POINT('',(7.,30.,0.));
#680 = DIRECTION('',(1.,0.,0.));
#681 = DIRECTION('',(0.,-1.,0.));
#682 = ADVANCED_FACE('',(#683),#701,.T.);
#683 = FACE_BOUND('',#684,.T.);
#684 = EDGE_LOOP('',(#685,#686,#694,#700));
#685 = ORIENTED_EDGE('',*,*,#191,.F.);
#686 = ORIENTED_EDGE('',*,*,#687,.T.);
#687 = EDGE_CURVE('',#183,#688,#690,.T.);
#688 = VERTEX_POINT('',#689);
#689 = CARTESIAN_POINT('',(-4.55,7.,7.6));
#690 = LINE('',#691,#692);
#691 = CARTESIAN_POINT('',(-4.55,7.,9.999999999999E-02));
#692 = VECTOR('',#693,1.);
#693 = DIRECTION('',(0.,0.,1.));
#694 = ORIENTED_EDGE('',*,*,#695,.T.);
#695 = EDGE_CURVE('',#688,#632,#696,.T.);
#696 = LINE('',#697,#698);
#697 = CARTESIAN_POINT('',(3.5,7.,7.6));
#698 = VECTOR('',#699,1.);
#699 = DIRECTION('',(1.,0.,0.));
#700 = ORIENTED_EDGE('',*,*,#631,.F.);
#701 = PLANE('',#702);
#702 = AXIS2_PLACEMENT_3D('',#703,#704,#705);
#703 = CARTESIAN_POINT('',(0.,7.,3.85));
#704 = DIRECTION('',(0.,1.,0.));
#705 = DIRECTION('',(0.,0.,1.));
#706 = ADVANCED_FACE('',(#707),#726,.F.);
#707 = FACE_BOUND('',#708,.T.);
#708 = EDGE_LOOP('',(#709,#710,#711,#720));
#709 = ORIENTED_EDGE('',*,*,#148,.T.);
#710 = ORIENTED_EDGE('',*,*,#663,.T.);
#711 = ORIENTED_EDGE('',*,*,#712,.F.);
#712 = EDGE_CURVE('',#713,#664,#715,.T.);
#713 = VERTEX_POINT('',#714);
#714 = CARTESIAN_POINT('',(6.55,30.,7.6));
#715 = CIRCLE('',#716,0.45);
#716 = AXIS2_PLACEMENT_3D('',#717,#718,#719);
#717 = CARTESIAN_POINT('',(6.55,29.55,7.6));
#718 = DIRECTION('',(-0.,-0.,-1.));
#719 = DIRECTION('',(0.,-1.,0.));
#720 = ORIENTED_EDGE('',*,*,#721,.F.);
#721 = EDGE_CURVE('',#149,#713,#722,.T.);
#722 = LINE('',#723,#724);
#723 = CARTESIAN_POINT('',(6.55,30.,9.999999999999E-02));
#724 = VECTOR('',#725,1.);
#725 = DIRECTION('',(0.,0.,1.));
#726 = CYLINDRICAL_SURFACE('',#727,0.45);
#727 = AXIS2_PLACEMENT_3D('',#728,#729,#730);
#728 = CARTESIAN_POINT('',(6.55,29.55,9.999999999999E-02));
#729 = DIRECTION('',(0.,0.,1.));
#730 = DIRECTION('',(0.,1.,0.));
#731 = ADVANCED_FACE('',(#732),#751,.F.);
#732 = FACE_BOUND('',#733,.T.);
#733 = EDGE_LOOP('',(#734,#735,#743,#750));
#734 = ORIENTED_EDGE('',*,*,#182,.T.);
#735 = ORIENTED_EDGE('',*,*,#736,.T.);
#736 = EDGE_CURVE('',#175,#737,#739,.T.);
#737 = VERTEX_POINT('',#738);
#738 = CARTESIAN_POINT('',(-7.,9.45,7.6));
#739 = LINE('',#740,#741);
#740 = CARTESIAN_POINT('',(-7.,9.45,9.999999999999E-02));
#741 = VECTOR('',#742,1.);
#742 = DIRECTION('',(0.,0.,1.));
#743 = ORIENTED_EDGE('',*,*,#744,.F.);
#744 = EDGE_CURVE('',#688,#737,#745,.T.);
#745 = CIRCLE('',#746,2.45);
#746 = AXIS2_PLACEMENT_3D('',#747,#748,#749);
#747 = CARTESIAN_POINT('',(-4.55,9.45,7.6));
#748 = DIRECTION('',(-0.,-0.,-1.));
#749 = DIRECTION('',(0.,-1.,0.));
#750 = ORIENTED_EDGE('',*,*,#687,.F.);
#751 = CYLINDRICAL_SURFACE('',#752,2.45);
#752 = AXIS2_PLACEMENT_3D('',#753,#754,#755);
#753 = CARTESIAN_POINT('',(-4.55,9.45,9.999999999999E-02));
#754 = DIRECTION('',(0.,0.,1.));
#755 = DIRECTION('',(0.,-1.,0.));
#756 = ADVANCED_FACE('',(#757),#807,.T.);
#757 = FACE_BOUND('',#758,.T.);
#758 = EDGE_LOOP('',(#759,#760,#768,#776,#784,#792,#800,#806));
#759 = ORIENTED_EDGE('',*,*,#721,.T.);
#760 = ORIENTED_EDGE('',*,*,#761,.T.);
#761 = EDGE_CURVE('',#713,#762,#764,.T.);
#762 = VERTEX_POINT('',#763);
#763 = CARTESIAN_POINT('',(6.45,30.,7.6));
#764 = LINE('',#765,#766);
#765 = CARTESIAN_POINT('',(3.,30.,7.6));
#766 = VECTOR('',#767,1.);
#767 = DIRECTION('',(-1.,0.,0.));
#768 = ORIENTED_EDGE('',*,*,#769,.F.);
#769 = EDGE_CURVE('',#770,#762,#772,.T.);
#770 = VERTEX_POINT('',#771);
#771 = CARTESIAN_POINT('',(6.45,30.,3.1));
#772 = LINE('',#773,#774);
#773 = CARTESIAN_POINT('',(6.45,30.,9.999999999999E-02));
#774 = VECTOR('',#775,1.);
#775 = DIRECTION('',(0.,0.,1.));
#776 = ORIENTED_EDGE('',*,*,#777,.T.);
#777 = EDGE_CURVE('',#770,#778,#780,.T.);
#778 = VERTEX_POINT('',#779);
#779 = CARTESIAN_POINT('',(3.55,30.,3.1));
#780 = LINE('',#781,#782);
#781 = CARTESIAN_POINT('',(6.55,30.,3.1));
#782 = VECTOR('',#783,1.);
#783 = DIRECTION('',(-1.,0.,0.));
#784 = ORIENTED_EDGE('',*,*,#785,.T.);
#785 = EDGE_CURVE('',#778,#786,#788,.T.);
#786 = VERTEX_POINT('',#787);
#787 = CARTESIAN_POINT('',(3.55,30.,7.6));
#788 = LINE('',#789,#790);
#789 = CARTESIAN_POINT('',(3.55,30.,9.999999999999E-02));
#790 = VECTOR('',#791,1.);
#791 = DIRECTION('',(0.,0.,1.));
#792 = ORIENTED_EDGE('',*,*,#793,.F.);
#793 = EDGE_CURVE('',#794,#786,#796,.T.);
#794 = VERTEX_POINT('',#795);
#795 = CARTESIAN_POINT('',(-4.55,30.,7.6));
#796 = LINE('',#797,#798);
#797 = CARTESIAN_POINT('',(-3.,30.,7.6));
#798 = VECTOR('',#799,1.);
#799 = DIRECTION('',(1.,0.,0.));
#800 = ORIENTED_EDGE('',*,*,#801,.F.);
#801 = EDGE_CURVE('',#158,#794,#802,.T.);
#802 = LINE('',#803,#804);
#803 = CARTESIAN_POINT('',(-4.55,30.,9.999999999999E-02));
#804 = VECTOR('',#805,1.);
#805 = DIRECTION('',(0.,0.,1.));
#806 = ORIENTED_EDGE('',*,*,#157,.T.);
#807 = PLANE('',#808);
#808 = AXIS2_PLACEMENT_3D('',#809,#810,#811);
#809 = CARTESIAN_POINT('',(1.779220779221,30.,3.85974025974));
#810 = DIRECTION('',(-0.,-1.,-0.));
#811 = DIRECTION('',(0.,0.,-1.));
#812 = ADVANCED_FACE('',(#813),#831,.F.);
#813 = FACE_BOUND('',#814,.T.);
#814 = EDGE_LOOP('',(#815,#816,#824,#830));
#815 = ORIENTED_EDGE('',*,*,#174,.F.);
#816 = ORIENTED_EDGE('',*,*,#817,.T.);
#817 = EDGE_CURVE('',#166,#818,#820,.T.);
#818 = VERTEX_POINT('',#819);
#819 = CARTESIAN_POINT('',(-7.,27.55,7.6));
#820 = LINE('',#821,#822);
#821 = CARTESIAN_POINT('',(-7.,27.55,9.999999999999E-02));
#822 = VECTOR('',#823,1.);
#823 = DIRECTION('',(0.,0.,1.));
#824 = ORIENTED_EDGE('',*,*,#825,.F.);
#825 = EDGE_CURVE('',#737,#818,#826,.T.);
#826 = LINE('',#827,#828);
#827 = CARTESIAN_POINT('',(-7.,22.110737603353,7.6));
#828 = VECTOR('',#829,1.);
#829 = DIRECTION('',(0.,1.,0.));
#830 = ORIENTED_EDGE('',*,*,#736,.F.);
#831 = PLANE('',#832);
#832 = AXIS2_PLACEMENT_3D('',#833,#834,#835);
#833 = CARTESIAN_POINT('',(-7.,30.,0.));
#834 = DIRECTION('',(-1.,-0.,-0.));
#835 = DIRECTION('',(0.,1.,0.));
#836 = ADVANCED_FACE('',(#837),#849,.F.);
#837 = FACE_BOUND('',#838,.T.);
#838 = EDGE_LOOP('',(#839,#840,#841,#848));
#839 = ORIENTED_EDGE('',*,*,#165,.T.);
#840 = ORIENTED_EDGE('',*,*,#801,.T.);
#841 = ORIENTED_EDGE('',*,*,#842,.F.);
#842 = EDGE_CURVE('',#818,#794,#843,.T.);
#843 = CIRCLE('',#844,2.45);
#844 = AXIS2_PLACEMENT_3D('',#845,#846,#847);
#845 = CARTESIAN_POINT('',(-4.55,27.55,7.6));
#846 = DIRECTION('',(-0.,-0.,-1.));
#847 = DIRECTION('',(0.,-1.,0.));
#848 = ORIENTED_EDGE('',*,*,#817,.F.);
#849 = CYLINDRICAL_SURFACE('',#850,2.45);
#850 = AXIS2_PLACEMENT_3D('',#851,#852,#853);
#851 = CARTESIAN_POINT('',(-4.55,27.55,9.999999999999E-02));
#852 = DIRECTION('',(0.,0.,1.));
#853 = DIRECTION('',(-1.,0.,0.));
#854 = ADVANCED_FACE('',(#855),#873,.T.);
#855 = FACE_BOUND('',#856,.T.);
#856 = EDGE_LOOP('',(#857,#858,#859,#867));
#857 = ORIENTED_EDGE('',*,*,#247,.F.);
#858 = ORIENTED_EDGE('',*,*,#286,.F.);
#859 = ORIENTED_EDGE('',*,*,#860,.T.);
#860 = EDGE_CURVE('',#279,#861,#863,.T.);
#861 = VERTEX_POINT('',#862);
#862 = CARTESIAN_POINT('',(12.3,36.9,7.6));
#863 = LINE('',#864,#865);
#864 = CARTESIAN_POINT('',(0.,36.9,7.6));
#865 = VECTOR('',#866,1.);
#866 = DIRECTION('',(1.,0.,0.));
#867 = ORIENTED_EDGE('',*,*,#868,.T.);
#868 = EDGE_CURVE('',#861,#240,#869,.T.);
#869 = LINE('',#870,#871);
#870 = CARTESIAN_POINT('',(12.3,25.270187436232,21.459870904068));
#871 = VECTOR('',#872,1.);
#872 = DIRECTION('',(0.,0.642787609687,-0.766044443119));
#873 = PLANE('',#874);
#874 = AXIS2_PLACEMENT_3D('',#875,#876,#877);
#875 = CARTESIAN_POINT('',(4.74E-15,38.481444723966,5.715307568724));
#876 = DIRECTION('',(0.,0.766044443119,0.642787609687));
#877 = DIRECTION('',(0.,-0.642787609687,0.766044443119));
#878 = ADVANCED_FACE('',(#879),#898,.F.);
#879 = FACE_BOUND('',#880,.F.);
#880 = EDGE_LOOP('',(#881,#882,#890,#896,#897));
#881 = ORIENTED_EDGE('',*,*,#614,.F.);
#882 = ORIENTED_EDGE('',*,*,#883,.T.);
#883 = EDGE_CURVE('',#606,#884,#886,.T.);
#884 = VERTEX_POINT('',#885);
#885 = CARTESIAN_POINT('',(12.3,-5.882975663071,7.6));
#886 = LINE('',#887,#888);
#887 = CARTESIAN_POINT('',(12.3,-5.882975663071,0.));
#888 = VECTOR('',#889,1.);
#889 = DIRECTION('',(0.,0.,1.));
#890 = ORIENTED_EDGE('',*,*,#891,.T.);
#891 = EDGE_CURVE('',#884,#861,#892,.T.);
#892 = LINE('',#893,#894);
#893 = CARTESIAN_POINT('',(12.3,-10.,7.6));
#894 = VECTOR('',#895,1.);
#895 = DIRECTION('',(0.,1.,-2.2E-16));
#896 = ORIENTED_EDGE('',*,*,#868,.T.);
#897 = ORIENTED_EDGE('',*,*,#239,.F.);
#898 = PLANE('',#899);
#899 = AXIS2_PLACEMENT_3D('',#900,#901,#902);
#900 = CARTESIAN_POINT('',(12.3,-10.,7.6));
#901 = DIRECTION('',(-1.,0.,0.));
#902 = DIRECTION('',(0.,-2.2E-16,-1.));
#903 = ADVANCED_FACE('',(#904,#935,#1023,#1034),#1409,.T.);
#904 = FACE_BOUND('',#905,.T.);
#905 = EDGE_LOOP('',(#906,#907,#908,#909,#910,#918,#927,#934));
#906 = ORIENTED_EDGE('',*,*,#860,.F.);
#907 = ORIENTED_EDGE('',*,*,#278,.F.);
#908 = ORIENTED_EDGE('',*,*,#310,.T.);
#909 = ORIENTED_EDGE('',*,*,#343,.T.);
#910 = ORIENTED_EDGE('',*,*,#911,.F.);
#911 = EDGE_CURVE('',#912,#336,#914,.T.);
#912 = VERTEX_POINT('',#913);
#913 = CARTESIAN_POINT('',(6.15,-10.,7.6));
#914 = LINE('',#915,#916);
#915 = CARTESIAN_POINT('',(-3.91E-15,-10.,7.6));
#916 = VECTOR('',#917,1.);
#917 = DIRECTION('',(-1.,2.2E-16,-2.2E-16));
#918 = ORIENTED_EDGE('',*,*,#919,.F.);
#919 = EDGE_CURVE('',#920,#912,#922,.T.);
#920 = VERTEX_POINT('',#921);
#921 = CARTESIAN_POINT('',(11.19,-8.212761060913,7.6));
#922 = CIRCLE('',#923,8.);
#923 = AXIS2_PLACEMENT_3D('',#924,#925,#926);
#924 = CARTESIAN_POINT('',(6.15,-2.,7.6));
#925 = DIRECTION('',(0.,0.,-1.));
#926 = DIRECTION('',(1.,0.,0.));
#927 = ORIENTED_EDGE('',*,*,#928,.F.);
#928 = EDGE_CURVE('',#884,#920,#929,.T.);
#929 = CIRCLE('',#930,3.);
#930 = AXIS2_PLACEMENT_3D('',#931,#932,#933);
#931 = CARTESIAN_POINT('',(9.3,-5.882975663071,7.6));
#932 = DIRECTION('',(0.,0.,-1.));
#933 = DIRECTION('',(1.,0.,0.));
#934 = ORIENTED_EDGE('',*,*,#891,.T.);
#935 = FACE_BOUND('',#936,.T.);
#936 = EDGE_LOOP('',(#937,#948,#956,#965,#974,#982,#991,#1000,#1008,
    #1017));
#937 = ORIENTED_EDGE('',*,*,#938,.T.);
#938 = EDGE_CURVE('',#939,#941,#943,.T.);
#939 = VERTEX_POINT('',#940);
#940 = CARTESIAN_POINT('',(8.3,-1.,7.6));
#941 = VERTEX_POINT('',#942);
#942 = CARTESIAN_POINT('',(9.3,-2.,7.6));
#943 = CIRCLE('',#944,1.);
#944 = AXIS2_PLACEMENT_3D('',#945,#946,#947);
#945 = CARTESIAN_POINT('',(8.3,-2.,7.6));
#946 = DIRECTION('',(-0.,-0.,-1.));
#947 = DIRECTION('',(0.,-1.,0.));
#948 = ORIENTED_EDGE('',*,*,#949,.T.);
#949 = EDGE_CURVE('',#941,#950,#952,.T.);
#950 = VERTEX_POINT('',#951);
#951 = CARTESIAN_POINT('',(9.3,-5.373054995105,7.6));
#952 = LINE('',#953,#954);
#953 = CARTESIAN_POINT('',(9.3,-5.5,7.6));
#954 = VECTOR('',#955,1.);
#955 = DIRECTION('',(0.,-1.,2.2E-16));
#956 = ORIENTED_EDGE('',*,*,#957,.T.);
#957 = EDGE_CURVE('',#950,#958,#960,.T.);
#958 = VERTEX_POINT('',#959);
#959 = CARTESIAN_POINT('',(8.8375,-6.216318743881,7.6));
#960 = CIRCLE('',#961,1.);
#961 = AXIS2_PLACEMENT_3D('',#962,#963,#964);
#962 = CARTESIAN_POINT('',(8.3,-5.373054995105,7.6));
#963 = DIRECTION('',(0.,0.,-1.));
#964 = DIRECTION('',(1.,0.,0.));
#965 = ORIENTED_EDGE('',*,*,#966,.T.);
#966 = EDGE_CURVE('',#958,#967,#969,.T.);
#967 = VERTEX_POINT('',#968);
#968 = CARTESIAN_POINT('',(6.15,-7.,7.6));
#969 = CIRCLE('',#970,5.);
#970 = AXIS2_PLACEMENT_3D('',#971,#972,#973);
#971 = CARTESIAN_POINT('',(6.15,-2.,7.6));
#972 = DIRECTION('',(0.,0.,-1.));
#973 = DIRECTION('',(1.,0.,0.));
#974 = ORIENTED_EDGE('',*,*,#975,.T.);
#975 = EDGE_CURVE('',#967,#976,#978,.T.);
#976 = VERTEX_POINT('',#977);
#977 = CARTESIAN_POINT('',(-6.15,-7.,7.6));
#978 = LINE('',#979,#980);
#979 = CARTESIAN_POINT('',(3.075,-7.,7.6));
#980 = VECTOR('',#981,1.);
#981 = DIRECTION('',(-1.,0.,0.));
#982 = ORIENTED_EDGE('',*,*,#983,.F.);
#983 = EDGE_CURVE('',#984,#976,#986,.T.);
#984 = VERTEX_POINT('',#985);
#985 = CARTESIAN_POINT('',(-8.8375,-6.216318743881,7.6));
#986 = CIRCLE('',#987,5.);
#987 = AXIS2_PLACEMENT_3D('',#988,#989,#990);
#988 = CARTESIAN_POINT('',(-6.15,-2.,7.6));
#989 = DIRECTION('',(-2.2E-16,0.,1.));
#990 = DIRECTION('',(-1.,2.2E-16,-2.2E-16));
#991 = ORIENTED_EDGE('',*,*,#992,.F.);
#992 = EDGE_CURVE('',#993,#984,#995,.T.);
#993 = VERTEX_POINT('',#994);
#994 = CARTESIAN_POINT('',(-9.3,-5.373054995105,7.6));
#995 = CIRCLE('',#996,1.);
#996 = AXIS2_PLACEMENT_3D('',#997,#998,#999);
#997 = CARTESIAN_POINT('',(-8.3,-5.373054995105,7.6));
#998 = DIRECTION('',(-2.2E-16,0.,1.));
#999 = DIRECTION('',(-1.,2.2E-16,-2.2E-16));
#1000 = ORIENTED_EDGE('',*,*,#1001,.F.);
#1001 = EDGE_CURVE('',#1002,#993,#1004,.T.);
#1002 = VERTEX_POINT('',#1003);
#1003 = CARTESIAN_POINT('',(-9.3,-2.,7.6));
#1004 = LINE('',#1005,#1006);
#1005 = CARTESIAN_POINT('',(-9.3,-5.5,7.6));
#1006 = VECTOR('',#1007,1.);
#1007 = DIRECTION('',(-2.2E-16,-1.,2.2E-16));
#1008 = ORIENTED_EDGE('',*,*,#1009,.F.);
#1009 = EDGE_CURVE('',#1010,#1002,#1012,.T.);
#1010 = VERTEX_POINT('',#1011);
#1011 = CARTESIAN_POINT('',(-8.3,-1.,7.6));
#1012 = CIRCLE('',#1013,1.);
#1013 = AXIS2_PLACEMENT_3D('',#1014,#1015,#1016);
#1014 = CARTESIAN_POINT('',(-8.3,-2.,7.6));
#1015 = DIRECTION('',(-2.2E-16,0.,1.));
#1016 = DIRECTION('',(-2.2E-16,-1.,-4.84E-32));
#1017 = ORIENTED_EDGE('',*,*,#1018,.F.);
#1018 = EDGE_CURVE('',#939,#1010,#1019,.T.);
#1019 = LINE('',#1020,#1021);
#1020 = CARTESIAN_POINT('',(-1.91E-15,-1.,7.6));
#1021 = VECTOR('',#1022,1.);
#1022 = DIRECTION('',(-1.,2.2E-16,-2.2E-16));
#1023 = FACE_BOUND('',#1024,.T.);
#1024 = EDGE_LOOP('',(#1025));
#1025 = ORIENTED_EDGE('',*,*,#1026,.F.);
#1026 = EDGE_CURVE('',#1027,#1027,#1029,.T.);
#1027 = VERTEX_POINT('',#1028);
#1028 = CARTESIAN_POINT('',(-1.7,13.,7.6));
#1029 = CIRCLE('',#1030,1.7);
#1030 = AXIS2_PLACEMENT_3D('',#1031,#1032,#1033);
#1031 = CARTESIAN_POINT('',(0.,13.,7.6));
#1032 = DIRECTION('',(0.,0.,1.));
#1033 = DIRECTION('',(-1.,0.,0.));
#1034 = FACE_BOUND('',#1035,.T.);
#1035 = EDGE_LOOP('',(#1036,#1037,#1038,#1039,#1040,#1041,#1042,#1043,
    #1052,#1060,#1069,#1077,#1086,#1094,#1103,#1111,#1120,#1128,#1137,
    #1145,#1154,#1162,#1171,#1179,#1188,#1196,#1205,#1213,#1222,#1230,
    #1239,#1247,#1256,#1264,#1273,#1281,#1290,#1298,#1307,#1315,#1324,
    #1332,#1341,#1349,#1358,#1366,#1375,#1383,#1392,#1400,#1407,#1408));
#1036 = ORIENTED_EDGE('',*,*,#671,.F.);
#1037 = ORIENTED_EDGE('',*,*,#639,.T.);
#1038 = ORIENTED_EDGE('',*,*,#695,.F.);
#1039 = ORIENTED_EDGE('',*,*,#744,.T.);
#1040 = ORIENTED_EDGE('',*,*,#825,.T.);
#1041 = ORIENTED_EDGE('',*,*,#842,.T.);
#1042 = ORIENTED_EDGE('',*,*,#793,.T.);
#1043 = ORIENTED_EDGE('',*,*,#1044,.F.);
#1044 = EDGE_CURVE('',#1045,#786,#1047,.T.);
#1045 = VERTEX_POINT('',#1046);
#1046 = CARTESIAN_POINT('',(4.,29.55,7.6));
#1047 = CIRCLE('',#1048,0.45);
#1048 = AXIS2_PLACEMENT_3D('',#1049,#1050,#1051);
#1049 = CARTESIAN_POINT('',(3.55,29.55,7.6));
#1050 = DIRECTION('',(-0.,0.,1.));
#1051 = DIRECTION('',(0.,-1.,0.));
#1052 = ORIENTED_EDGE('',*,*,#1053,.T.);
#1053 = EDGE_CURVE('',#1045,#1054,#1056,.T.);
#1054 = VERTEX_POINT('',#1055);
#1055 = CARTESIAN_POINT('',(4.,29.45,7.6));
#1056 = LINE('',#1057,#1058);
#1057 = CARTESIAN_POINT('',(4.,21.610737603353,7.6));
#1058 = VECTOR('',#1059,1.);
#1059 = DIRECTION('',(0.,-1.,0.));
#1060 = ORIENTED_EDGE('',*,*,#1061,.F.);
#1061 = EDGE_CURVE('',#1062,#1054,#1064,.T.);
#1062 = VERTEX_POINT('',#1063);
#1063 = CARTESIAN_POINT('',(3.55,29.,7.6));
#1064 = CIRCLE('',#1065,0.45);
#1065 = AXIS2_PLACEMENT_3D('',#1066,#1067,#1068);
#1066 = CARTESIAN_POINT('',(3.55,29.45,7.6));
#1067 = DIRECTION('',(-0.,0.,1.));
#1068 = DIRECTION('',(0.,-1.,0.));
#1069 = ORIENTED_EDGE('',*,*,#1070,.T.);
#1070 = EDGE_CURVE('',#1062,#1071,#1073,.T.);
#1071 = VERTEX_POINT('',#1072);
#1072 = CARTESIAN_POINT('',(-4.55,29.,7.6));
#1073 = LINE('',#1074,#1075);
#1074 = CARTESIAN_POINT('',(-3.25,29.,7.6));
#1075 = VECTOR('',#1076,1.);
#1076 = DIRECTION('',(-1.,0.,0.));
#1077 = ORIENTED_EDGE('',*,*,#1078,.T.);
#1078 = EDGE_CURVE('',#1071,#1079,#1081,.T.);
#1079 = VERTEX_POINT('',#1080);
#1080 = CARTESIAN_POINT('',(-6.,27.55,7.6));
#1081 = CIRCLE('',#1082,1.45);
#1082 = AXIS2_PLACEMENT_3D('',#1083,#1084,#1085);
#1083 = CARTESIAN_POINT('',(-4.55,27.55,7.6));
#1084 = DIRECTION('',(0.,-0.,1.));
#1085 = DIRECTION('',(0.,1.,0.));
#1086 = ORIENTED_EDGE('',*,*,#1087,.T.);
#1087 = EDGE_CURVE('',#1079,#1088,#1090,.T.);
#1088 = VERTEX_POINT('',#1089);
#1089 = CARTESIAN_POINT('',(-6.,25.45,7.6));
#1090 = LINE('',#1091,#1092);
#1091 = CARTESIAN_POINT('',(-6.,11.110737603393,7.6));
#1092 = VECTOR('',#1093,1.);
#1093 = DIRECTION('',(0.,-1.,0.));
#1094 = ORIENTED_EDGE('',*,*,#1095,.T.);
#1095 = EDGE_CURVE('',#1088,#1096,#1098,.T.);
#1096 = VERTEX_POINT('',#1097);
#1097 = CARTESIAN_POINT('',(-4.55,24.,7.6));
#1098 = CIRCLE('',#1099,1.45);
#1099 = AXIS2_PLACEMENT_3D('',#1100,#1101,#1102);
#1100 = CARTESIAN_POINT('',(-4.55,25.45,7.6));
#1101 = DIRECTION('',(-0.,0.,1.));
#1102 = DIRECTION('',(0.,-1.,0.));
#1103 = ORIENTED_EDGE('',*,*,#1104,.T.);
#1104 = EDGE_CURVE('',#1096,#1105,#1107,.T.);
#1105 = VERTEX_POINT('',#1106);
#1106 = CARTESIAN_POINT('',(3.55,24.,7.6));
#1107 = LINE('',#1108,#1109);
#1108 = CARTESIAN_POINT('',(2.,24.,7.6));
#1109 = VECTOR('',#1110,1.);
#1110 = DIRECTION('',(1.,0.,0.));
#1111 = ORIENTED_EDGE('',*,*,#1112,.F.);
#1112 = EDGE_CURVE('',#1113,#1105,#1115,.T.);
#1113 = VERTEX_POINT('',#1114);
#1114 = CARTESIAN_POINT('',(4.,23.55,7.6));
#1115 = CIRCLE('',#1116,0.45);
#1116 = AXIS2_PLACEMENT_3D('',#1117,#1118,#1119);
#1117 = CARTESIAN_POINT('',(3.55,23.55,7.6));
#1118 = DIRECTION('',(-0.,0.,1.));
#1119 = DIRECTION('',(0.,-1.,0.));
#1120 = ORIENTED_EDGE('',*,*,#1121,.T.);
#1121 = EDGE_CURVE('',#1113,#1122,#1124,.T.);
#1122 = VERTEX_POINT('',#1123);
#1123 = CARTESIAN_POINT('',(4.,23.45,7.6));
#1124 = LINE('',#1125,#1126);
#1125 = CARTESIAN_POINT('',(4.,18.610737603353,7.6));
#1126 = VECTOR('',#1127,1.);
#1127 = DIRECTION('',(0.,-1.,0.));
#1128 = ORIENTED_EDGE('',*,*,#1129,.F.);
#1129 = EDGE_CURVE('',#1130,#1122,#1132,.T.);
#1130 = VERTEX_POINT('',#1131);
#1131 = CARTESIAN_POINT('',(3.55,23.,7.6));
#1132 = CIRCLE('',#1133,0.45);
#1133 = AXIS2_PLACEMENT_3D('',#1134,#1135,#1136);
#1134 = CARTESIAN_POINT('',(3.55,23.45,7.6));
#1135 = DIRECTION('',(-0.,0.,1.));
#1136 = DIRECTION('',(0.,-1.,0.));
#1137 = ORIENTED_EDGE('',*,*,#1138,.T.);
#1138 = EDGE_CURVE('',#1130,#1139,#1141,.T.);
#1139 = VERTEX_POINT('',#1140);
#1140 = CARTESIAN_POINT('',(-4.55,23.,7.6));
#1141 = LINE('',#1142,#1143);
#1142 = CARTESIAN_POINT('',(-3.25,23.,7.6));
#1143 = VECTOR('',#1144,1.);
#1144 = DIRECTION('',(-1.,0.,0.));
#1145 = ORIENTED_EDGE('',*,*,#1146,.T.);
#1146 = EDGE_CURVE('',#1139,#1147,#1149,.T.);
#1147 = VERTEX_POINT('',#1148);
#1148 = CARTESIAN_POINT('',(-6.,21.55,7.6));
#1149 = CIRCLE('',#1150,1.45);
#1150 = AXIS2_PLACEMENT_3D('',#1151,#1152,#1153);
#1151 = CARTESIAN_POINT('',(-4.55,21.55,7.6));
#1152 = DIRECTION('',(0.,-0.,1.));
#1153 = DIRECTION('',(0.,1.,0.));
#1154 = ORIENTED_EDGE('',*,*,#1155,.T.);
#1155 = EDGE_CURVE('',#1147,#1156,#1158,.T.);
#1156 = VERTEX_POINT('',#1157);
#1157 = CARTESIAN_POINT('',(-6.,19.45,7.6));
#1158 = LINE('',#1159,#1160);
#1159 = CARTESIAN_POINT('',(-6.,11.110737603393,7.6));
#1160 = VECTOR('',#1161,1.);
#1161 = DIRECTION('',(0.,-1.,0.));
#1162 = ORIENTED_EDGE('',*,*,#1163,.T.);
#1163 = EDGE_CURVE('',#1156,#1164,#1166,.T.);
#1164 = VERTEX_POINT('',#1165);
#1165 = CARTESIAN_POINT('',(-4.55,18.,7.6));
#1166 = CIRCLE('',#1167,1.45);
#1167 = AXIS2_PLACEMENT_3D('',#1168,#1169,#1170);
#1168 = CARTESIAN_POINT('',(-4.55,19.45,7.6));
#1169 = DIRECTION('',(-0.,0.,1.));
#1170 = DIRECTION('',(0.,-1.,0.));
#1171 = ORIENTED_EDGE('',*,*,#1172,.T.);
#1172 = EDGE_CURVE('',#1164,#1173,#1175,.T.);
#1173 = VERTEX_POINT('',#1174);
#1174 = CARTESIAN_POINT('',(3.55,18.,7.6));
#1175 = LINE('',#1176,#1177);
#1176 = CARTESIAN_POINT('',(2.,18.,7.6));
#1177 = VECTOR('',#1178,1.);
#1178 = DIRECTION('',(1.,0.,0.));
#1179 = ORIENTED_EDGE('',*,*,#1180,.F.);
#1180 = EDGE_CURVE('',#1181,#1173,#1183,.T.);
#1181 = VERTEX_POINT('',#1182);
#1182 = CARTESIAN_POINT('',(4.,17.55,7.6));
#1183 = CIRCLE('',#1184,0.45);
#1184 = AXIS2_PLACEMENT_3D('',#1185,#1186,#1187);
#1185 = CARTESIAN_POINT('',(3.55,17.55,7.6));
#1186 = DIRECTION('',(-0.,0.,1.));
#1187 = DIRECTION('',(0.,-1.,0.));
#1188 = ORIENTED_EDGE('',*,*,#1189,.T.);
#1189 = EDGE_CURVE('',#1181,#1190,#1192,.T.);
#1190 = VERTEX_POINT('',#1191);
#1191 = CARTESIAN_POINT('',(4.,17.45,7.6));
#1192 = LINE('',#1193,#1194);
#1193 = CARTESIAN_POINT('',(4.,15.610737603353,7.6));
#1194 = VECTOR('',#1195,1.);
#1195 = DIRECTION('',(0.,-1.,0.));
#1196 = ORIENTED_EDGE('',*,*,#1197,.F.);
#1197 = EDGE_CURVE('',#1198,#1190,#1200,.T.);
#1198 = VERTEX_POINT('',#1199);
#1199 = CARTESIAN_POINT('',(3.55,17.,7.6));
#1200 = CIRCLE('',#1201,0.45);
#1201 = AXIS2_PLACEMENT_3D('',#1202,#1203,#1204);
#1202 = CARTESIAN_POINT('',(3.55,17.45,7.6));
#1203 = DIRECTION('',(-0.,0.,1.));
#1204 = DIRECTION('',(0.,-1.,0.));
#1205 = ORIENTED_EDGE('',*,*,#1206,.T.);
#1206 = EDGE_CURVE('',#1198,#1207,#1209,.T.);
#1207 = VERTEX_POINT('',#1208);
#1208 = CARTESIAN_POINT('',(-4.55,17.,7.6));
#1209 = LINE('',#1210,#1211);
#1210 = CARTESIAN_POINT('',(-3.25,17.,7.6));
#1211 = VECTOR('',#1212,1.);
#1212 = DIRECTION('',(-1.,0.,0.));
#1213 = ORIENTED_EDGE('',*,*,#1214,.F.);
#1214 = EDGE_CURVE('',#1215,#1207,#1217,.T.);
#1215 = VERTEX_POINT('',#1216);
#1216 = CARTESIAN_POINT('',(-6.,15.55,7.6));
#1217 = CIRCLE('',#1218,1.45);
#1218 = AXIS2_PLACEMENT_3D('',#1219,#1220,#1221);
#1219 = CARTESIAN_POINT('',(-4.55,15.55,7.6));
#1220 = DIRECTION('',(0.,0.,-1.));
#1221 = DIRECTION('',(0.,1.,0.));
#1222 = ORIENTED_EDGE('',*,*,#1223,.T.);
#1223 = EDGE_CURVE('',#1215,#1224,#1226,.T.);
#1224 = VERTEX_POINT('',#1225);
#1225 = CARTESIAN_POINT('',(-6.,9.450000000079,7.6));
#1226 = LINE('',#1227,#1228);
#1227 = CARTESIAN_POINT('',(-6.,11.110737603393,7.6));
#1228 = VECTOR('',#1229,1.);
#1229 = DIRECTION('',(0.,-1.,0.));
#1230 = ORIENTED_EDGE('',*,*,#1231,.F.);
#1231 = EDGE_CURVE('',#1232,#1224,#1234,.T.);
#1232 = VERTEX_POINT('',#1233);
#1233 = CARTESIAN_POINT('',(-4.55,8.000000000079,7.6));
#1234 = CIRCLE('',#1235,1.45);
#1235 = AXIS2_PLACEMENT_3D('',#1236,#1237,#1238);
#1236 = CARTESIAN_POINT('',(-4.55,9.450000000079,7.6));
#1237 = DIRECTION('',(-0.,-0.,-1.));
#1238 = DIRECTION('',(0.,-1.,0.));
#1239 = ORIENTED_EDGE('',*,*,#1240,.T.);
#1240 = EDGE_CURVE('',#1232,#1241,#1243,.T.);
#1241 = VERTEX_POINT('',#1242);
#1242 = CARTESIAN_POINT('',(4.55,8.000000000079,7.6));
#1243 = LINE('',#1244,#1245);
#1244 = CARTESIAN_POINT('',(4.1E-16,8.000000000079,7.6));
#1245 = VECTOR('',#1246,1.);
#1246 = DIRECTION('',(1.,0.,0.));
#1247 = ORIENTED_EDGE('',*,*,#1248,.F.);
#1248 = EDGE_CURVE('',#1249,#1241,#1251,.T.);
#1249 = VERTEX_POINT('',#1250);
#1250 = CARTESIAN_POINT('',(6.,9.450000000079,7.6));
#1251 = CIRCLE('',#1252,1.45);
#1252 = AXIS2_PLACEMENT_3D('',#1253,#1254,#1255);
#1253 = CARTESIAN_POINT('',(4.55,9.450000000079,7.6));
#1254 = DIRECTION('',(-0.,-0.,-1.));
#1255 = DIRECTION('',(0.,-1.,0.));
#1256 = ORIENTED_EDGE('',*,*,#1257,.F.);
#1257 = EDGE_CURVE('',#1258,#1249,#1260,.T.);
#1258 = VERTEX_POINT('',#1259);
#1259 = CARTESIAN_POINT('',(6.,18.55,7.6));
#1260 = LINE('',#1261,#1262);
#1261 = CARTESIAN_POINT('',(6.,11.110737603393,7.6));
#1262 = VECTOR('',#1263,1.);
#1263 = DIRECTION('',(0.,-1.,0.));
#1264 = ORIENTED_EDGE('',*,*,#1265,.F.);
#1265 = EDGE_CURVE('',#1266,#1258,#1268,.T.);
#1266 = VERTEX_POINT('',#1267);
#1267 = CARTESIAN_POINT('',(4.55,20.,7.6));
#1268 = CIRCLE('',#1269,1.45);
#1269 = AXIS2_PLACEMENT_3D('',#1270,#1271,#1272);
#1270 = CARTESIAN_POINT('',(4.55,18.55,7.6));
#1271 = DIRECTION('',(0.,0.,-1.));
#1272 = DIRECTION('',(0.,1.,0.));
#1273 = ORIENTED_EDGE('',*,*,#1274,.T.);
#1274 = EDGE_CURVE('',#1266,#1275,#1277,.T.);
#1275 = VERTEX_POINT('',#1276);
#1276 = CARTESIAN_POINT('',(-3.55,20.,7.6));
#1277 = LINE('',#1278,#1279);
#1278 = CARTESIAN_POINT('',(-2.,20.,7.6));
#1279 = VECTOR('',#1280,1.);
#1280 = DIRECTION('',(-1.,0.,0.));
#1281 = ORIENTED_EDGE('',*,*,#1282,.F.);
#1282 = EDGE_CURVE('',#1283,#1275,#1285,.T.);
#1283 = VERTEX_POINT('',#1284);
#1284 = CARTESIAN_POINT('',(-4.,20.45,7.6));
#1285 = CIRCLE('',#1286,0.45);
#1286 = AXIS2_PLACEMENT_3D('',#1287,#1288,#1289);
#1287 = CARTESIAN_POINT('',(-3.55,20.45,7.6));
#1288 = DIRECTION('',(-0.,0.,1.));
#1289 = DIRECTION('',(0.,-1.,0.));
#1290 = ORIENTED_EDGE('',*,*,#1291,.T.);
#1291 = EDGE_CURVE('',#1283,#1292,#1294,.T.);
#1292 = VERTEX_POINT('',#1293);
#1293 = CARTESIAN_POINT('',(-4.,20.55,7.6));
#1294 = LINE('',#1295,#1296);
#1295 = CARTESIAN_POINT('',(-4.,17.610737603353,7.6));
#1296 = VECTOR('',#1297,1.);
#1297 = DIRECTION('',(0.,1.,0.));
#1298 = ORIENTED_EDGE('',*,*,#1299,.F.);
#1299 = EDGE_CURVE('',#1300,#1292,#1302,.T.);
#1300 = VERTEX_POINT('',#1301);
#1301 = CARTESIAN_POINT('',(-3.55,21.,7.6));
#1302 = CIRCLE('',#1303,0.45);
#1303 = AXIS2_PLACEMENT_3D('',#1304,#1305,#1306);
#1304 = CARTESIAN_POINT('',(-3.55,20.55,7.6));
#1305 = DIRECTION('',(-0.,0.,1.));
#1306 = DIRECTION('',(0.,-1.,0.));
#1307 = ORIENTED_EDGE('',*,*,#1308,.T.);
#1308 = EDGE_CURVE('',#1300,#1309,#1311,.T.);
#1309 = VERTEX_POINT('',#1310);
#1310 = CARTESIAN_POINT('',(4.55,21.,7.6));
#1311 = LINE('',#1312,#1313);
#1312 = CARTESIAN_POINT('',(3.25,21.,7.6));
#1313 = VECTOR('',#1314,1.);
#1314 = DIRECTION('',(1.,0.,0.));
#1315 = ORIENTED_EDGE('',*,*,#1316,.F.);
#1316 = EDGE_CURVE('',#1317,#1309,#1319,.T.);
#1317 = VERTEX_POINT('',#1318);
#1318 = CARTESIAN_POINT('',(6.,22.45,7.6));
#1319 = CIRCLE('',#1320,1.45);
#1320 = AXIS2_PLACEMENT_3D('',#1321,#1322,#1323);
#1321 = CARTESIAN_POINT('',(4.55,22.45,7.6));
#1322 = DIRECTION('',(-0.,-0.,-1.));
#1323 = DIRECTION('',(0.,-1.,0.));
#1324 = ORIENTED_EDGE('',*,*,#1325,.F.);
#1325 = EDGE_CURVE('',#1326,#1317,#1328,.T.);
#1326 = VERTEX_POINT('',#1327);
#1327 = CARTESIAN_POINT('',(6.,24.55,7.6));
#1328 = LINE('',#1329,#1330);
#1329 = CARTESIAN_POINT('',(6.,11.110737603393,7.6));
#1330 = VECTOR('',#1331,1.);
#1331 = DIRECTION('',(0.,-1.,0.));
#1332 = ORIENTED_EDGE('',*,*,#1333,.F.);
#1333 = EDGE_CURVE('',#1334,#1326,#1336,.T.);
#1334 = VERTEX_POINT('',#1335);
#1335 = CARTESIAN_POINT('',(4.55,26.,7.6));
#1336 = CIRCLE('',#1337,1.45);
#1337 = AXIS2_PLACEMENT_3D('',#1338,#1339,#1340);
#1338 = CARTESIAN_POINT('',(4.55,24.55,7.6));
#1339 = DIRECTION('',(0.,0.,-1.));
#1340 = DIRECTION('',(0.,1.,0.));
#1341 = ORIENTED_EDGE('',*,*,#1342,.T.);
#1342 = EDGE_CURVE('',#1334,#1343,#1345,.T.);
#1343 = VERTEX_POINT('',#1344);
#1344 = CARTESIAN_POINT('',(-3.55,26.,7.6));
#1345 = LINE('',#1346,#1347);
#1346 = CARTESIAN_POINT('',(-2.,26.,7.6));
#1347 = VECTOR('',#1348,1.);
#1348 = DIRECTION('',(-1.,0.,0.));
#1349 = ORIENTED_EDGE('',*,*,#1350,.F.);
#1350 = EDGE_CURVE('',#1351,#1343,#1353,.T.);
#1351 = VERTEX_POINT('',#1352);
#1352 = CARTESIAN_POINT('',(-4.,26.45,7.6));
#1353 = CIRCLE('',#1354,0.45);
#1354 = AXIS2_PLACEMENT_3D('',#1355,#1356,#1357);
#1355 = CARTESIAN_POINT('',(-3.55,26.45,7.6));
#1356 = DIRECTION('',(-0.,0.,1.));
#1357 = DIRECTION('',(0.,-1.,0.));
#1358 = ORIENTED_EDGE('',*,*,#1359,.T.);
#1359 = EDGE_CURVE('',#1351,#1360,#1362,.T.);
#1360 = VERTEX_POINT('',#1361);
#1361 = CARTESIAN_POINT('',(-4.,26.55,7.6));
#1362 = LINE('',#1363,#1364);
#1363 = CARTESIAN_POINT('',(-4.,20.610737603353,7.6));
#1364 = VECTOR('',#1365,1.);
#1365 = DIRECTION('',(0.,1.,0.));
#1366 = ORIENTED_EDGE('',*,*,#1367,.F.);
#1367 = EDGE_CURVE('',#1368,#1360,#1370,.T.);
#1368 = VERTEX_POINT('',#1369);
#1369 = CARTESIAN_POINT('',(-3.55,27.,7.6));
#1370 = CIRCLE('',#1371,0.45);
#1371 = AXIS2_PLACEMENT_3D('',#1372,#1373,#1374);
#1372 = CARTESIAN_POINT('',(-3.55,26.55,7.6));
#1373 = DIRECTION('',(-0.,0.,1.));
#1374 = DIRECTION('',(0.,-1.,0.));
#1375 = ORIENTED_EDGE('',*,*,#1376,.T.);
#1376 = EDGE_CURVE('',#1368,#1377,#1379,.T.);
#1377 = VERTEX_POINT('',#1378);
#1378 = CARTESIAN_POINT('',(4.55,27.,7.6));
#1379 = LINE('',#1380,#1381);
#1380 = CARTESIAN_POINT('',(3.25,27.,7.6));
#1381 = VECTOR('',#1382,1.);
#1382 = DIRECTION('',(1.,0.,0.));
#1383 = ORIENTED_EDGE('',*,*,#1384,.F.);
#1384 = EDGE_CURVE('',#1385,#1377,#1387,.T.);
#1385 = VERTEX_POINT('',#1386);
#1386 = CARTESIAN_POINT('',(6.,28.45,7.6));
#1387 = CIRCLE('',#1388,1.45);
#1388 = AXIS2_PLACEMENT_3D('',#1389,#1390,#1391);
#1389 = CARTESIAN_POINT('',(4.55,28.45,7.6));
#1390 = DIRECTION('',(-0.,-0.,-1.));
#1391 = DIRECTION('',(0.,-1.,0.));
#1392 = ORIENTED_EDGE('',*,*,#1393,.F.);
#1393 = EDGE_CURVE('',#1394,#1385,#1396,.T.);
#1394 = VERTEX_POINT('',#1395);
#1395 = CARTESIAN_POINT('',(6.,29.55,7.6));
#1396 = LINE('',#1397,#1398);
#1397 = CARTESIAN_POINT('',(6.,11.110737603393,7.6));
#1398 = VECTOR('',#1399,1.);
#1399 = DIRECTION('',(0.,-1.,0.));
#1400 = ORIENTED_EDGE('',*,*,#1401,.F.);
#1401 = EDGE_CURVE('',#762,#1394,#1402,.T.);
#1402 = CIRCLE('',#1403,0.45);
#1403 = AXIS2_PLACEMENT_3D('',#1404,#1405,#1406);
#1404 = CARTESIAN_POINT('',(6.45,29.55,7.6));
#1405 = DIRECTION('',(-0.,0.,1.));
#1406 = DIRECTION('',(0.,-1.,0.));
#1407 = ORIENTED_EDGE('',*,*,#761,.F.);
#1408 = ORIENTED_EDGE('',*,*,#712,.T.);
#1409 = PLANE('',#1410);
#1410 = AXIS2_PLACEMENT_3D('',#1411,#1412,#1413);
#1411 = CARTESIAN_POINT('',(8.2E-16,14.221475206706,7.6));
#1412 = DIRECTION('',(0.,0.,1.));
#1413 = DIRECTION('',(1.,0.,0.));
#1414 = ADVANCED_FACE('',(#1415),#1426,.T.);
#1415 = FACE_BOUND('',#1416,.T.);
#1416 = EDGE_LOOP('',(#1417,#1423,#1424,#1425));
#1417 = ORIENTED_EDGE('',*,*,#1418,.T.);
#1418 = EDGE_CURVE('',#361,#912,#1419,.T.);
#1419 = LINE('',#1420,#1421);
#1420 = CARTESIAN_POINT('',(6.15,-10.,0.));
#1421 = VECTOR('',#1422,1.);
#1422 = DIRECTION('',(0.,0.,1.));
#1423 = ORIENTED_EDGE('',*,*,#911,.T.);
#1424 = ORIENTED_EDGE('',*,*,#335,.F.);
#1425 = ORIENTED_EDGE('',*,*,#360,.T.);
#1426 = PLANE('',#1427);
#1427 = AXIS2_PLACEMENT_3D('',#1428,#1429,#1430);
#1428 = CARTESIAN_POINT('',(-1.42E-15,-10.,5.8));
#1429 = DIRECTION('',(-0.,-1.,-0.));
#1430 = DIRECTION('',(0.,0.,-1.));
#1431 = ADVANCED_FACE('',(#1432),#1448,.F.);
#1432 = FACE_BOUND('',#1433,.T.);
#1433 = EDGE_LOOP('',(#1434,#1435,#1441,#1442));
#1434 = ORIENTED_EDGE('',*,*,#1001,.T.);
#1435 = ORIENTED_EDGE('',*,*,#1436,.F.);
#1436 = EDGE_CURVE('',#379,#993,#1437,.T.);
#1437 = LINE('',#1438,#1439);
#1438 = CARTESIAN_POINT('',(-9.3,-5.373054995105,-2.07E-15));
#1439 = VECTOR('',#1440,1.);
#1440 = DIRECTION('',(-2.2E-16,0.,1.));
#1441 = ORIENTED_EDGE('',*,*,#378,.F.);
#1442 = ORIENTED_EDGE('',*,*,#1443,.T.);
#1443 = EDGE_CURVE('',#371,#1002,#1444,.T.);
#1444 = LINE('',#1445,#1446);
#1445 = CARTESIAN_POINT('',(-9.3,-2.,3.732050807569));
#1446 = VECTOR('',#1447,1.);
#1447 = DIRECTION('',(-2.2E-16,0.,1.));
#1448 = PLANE('',#1449);
#1449 = AXIS2_PLACEMENT_3D('',#1450,#1451,#1452);
#1450 = CARTESIAN_POINT('',(-9.3,-1.,-2.07E-15));
#1451 = DIRECTION('',(-1.,2.2E-16,-2.2E-16));
#1452 = DIRECTION('',(2.2E-16,1.,0.));
#1453 = ADVANCED_FACE('',(#1454),#1465,.F.);
#1454 = FACE_BOUND('',#1455,.F.);
#1455 = EDGE_LOOP('',(#1456,#1457,#1463,#1464));
#1456 = ORIENTED_EDGE('',*,*,#386,.T.);
#1457 = ORIENTED_EDGE('',*,*,#1458,.T.);
#1458 = EDGE_CURVE('',#387,#984,#1459,.T.);
#1459 = LINE('',#1460,#1461);
#1460 = CARTESIAN_POINT('',(-8.8375,-6.216318743881,-1.96E-15));
#1461 = VECTOR('',#1462,1.);
#1462 = DIRECTION('',(-2.2E-16,0.,1.));
#1463 = ORIENTED_EDGE('',*,*,#992,.F.);
#1464 = ORIENTED_EDGE('',*,*,#1436,.F.);
#1465 = CYLINDRICAL_SURFACE('',#1466,1.);
#1466 = AXIS2_PLACEMENT_3D('',#1467,#1468,#1469);
#1467 = CARTESIAN_POINT('',(-8.3,-5.373054995105,-1.84E-15));
#1468 = DIRECTION('',(2.2E-16,0.,-1.));
#1469 = DIRECTION('',(-1.,2.2E-16,-2.2E-16));
#1470 = ADVANCED_FACE('',(#1471),#1482,.F.);
#1471 = FACE_BOUND('',#1472,.F.);
#1472 = EDGE_LOOP('',(#1473,#1474,#1480,#1481));
#1473 = ORIENTED_EDGE('',*,*,#395,.T.);
#1474 = ORIENTED_EDGE('',*,*,#1475,.T.);
#1475 = EDGE_CURVE('',#396,#976,#1476,.T.);
#1476 = LINE('',#1477,#1478);
#1477 = CARTESIAN_POINT('',(-6.15,-7.,-1.37E-15));
#1478 = VECTOR('',#1479,1.);
#1479 = DIRECTION('',(-2.2E-16,0.,1.));
#1480 = ORIENTED_EDGE('',*,*,#983,.F.);
#1481 = ORIENTED_EDGE('',*,*,#1458,.F.);
#1482 = CYLINDRICAL_SURFACE('',#1483,5.);
#1483 = AXIS2_PLACEMENT_3D('',#1484,#1485,#1486);
#1484 = CARTESIAN_POINT('',(-6.15,-2.,-1.37E-15));
#1485 = DIRECTION('',(2.2E-16,0.,-1.));
#1486 = DIRECTION('',(-1.,2.2E-16,-2.2E-16));
#1487 = ADVANCED_FACE('',(#1488),#1499,.T.);
#1488 = FACE_BOUND('',#1489,.T.);
#1489 = EDGE_LOOP('',(#1490,#1491,#1492,#1493));
#1490 = ORIENTED_EDGE('',*,*,#404,.T.);
#1491 = ORIENTED_EDGE('',*,*,#1475,.T.);
#1492 = ORIENTED_EDGE('',*,*,#975,.F.);
#1493 = ORIENTED_EDGE('',*,*,#1494,.F.);
#1494 = EDGE_CURVE('',#405,#967,#1495,.T.);
#1495 = LINE('',#1496,#1497);
#1496 = CARTESIAN_POINT('',(6.15,-7.,0.));
#1497 = VECTOR('',#1498,1.);
#1498 = DIRECTION('',(0.,0.,1.));
#1499 = PLANE('',#1500);
#1500 = AXIS2_PLACEMENT_3D('',#1501,#1502,#1503);
#1501 = CARTESIAN_POINT('',(-1.56E-15,-7.,5.8));
#1502 = DIRECTION('',(0.,1.,0.));
#1503 = DIRECTION('',(0.,0.,1.));
#1504 = ADVANCED_FACE('',(#1505),#1516,.F.);
#1505 = FACE_BOUND('',#1506,.T.);
#1506 = EDGE_LOOP('',(#1507,#1508,#1509,#1510));
#1507 = ORIENTED_EDGE('',*,*,#412,.T.);
#1508 = ORIENTED_EDGE('',*,*,#1494,.T.);
#1509 = ORIENTED_EDGE('',*,*,#966,.F.);
#1510 = ORIENTED_EDGE('',*,*,#1511,.F.);
#1511 = EDGE_CURVE('',#413,#958,#1512,.T.);
#1512 = LINE('',#1513,#1514);
#1513 = CARTESIAN_POINT('',(8.8375,-6.216318743881,0.));
#1514 = VECTOR('',#1515,1.);
#1515 = DIRECTION('',(0.,0.,1.));
#1516 = CYLINDRICAL_SURFACE('',#1517,5.);
#1517 = AXIS2_PLACEMENT_3D('',#1518,#1519,#1520);
#1518 = CARTESIAN_POINT('',(6.15,-2.,0.));
#1519 = DIRECTION('',(-0.,-0.,-1.));
#1520 = DIRECTION('',(1.,0.,0.));
#1521 = ADVANCED_FACE('',(#1522),#1533,.F.);
#1522 = FACE_BOUND('',#1523,.T.);
#1523 = EDGE_LOOP('',(#1524,#1525,#1526,#1527));
#1524 = ORIENTED_EDGE('',*,*,#421,.T.);
#1525 = ORIENTED_EDGE('',*,*,#1511,.T.);
#1526 = ORIENTED_EDGE('',*,*,#957,.F.);
#1527 = ORIENTED_EDGE('',*,*,#1528,.F.);
#1528 = EDGE_CURVE('',#422,#950,#1529,.T.);
#1529 = LINE('',#1530,#1531);
#1530 = CARTESIAN_POINT('',(9.3,-5.373054995105,0.));
#1531 = VECTOR('',#1532,1.);
#1532 = DIRECTION('',(0.,0.,1.));
#1533 = CYLINDRICAL_SURFACE('',#1534,1.);
#1534 = AXIS2_PLACEMENT_3D('',#1535,#1536,#1537);
#1535 = CARTESIAN_POINT('',(8.3,-5.373054995105,0.));
#1536 = DIRECTION('',(-0.,-0.,-1.));
#1537 = DIRECTION('',(1.,0.,0.));
#1538 = ADVANCED_FACE('',(#1539),#1550,.F.);
#1539 = FACE_BOUND('',#1540,.F.);
#1540 = EDGE_LOOP('',(#1541,#1542,#1543,#1544));
#1541 = ORIENTED_EDGE('',*,*,#949,.T.);
#1542 = ORIENTED_EDGE('',*,*,#1528,.F.);
#1543 = ORIENTED_EDGE('',*,*,#430,.F.);
#1544 = ORIENTED_EDGE('',*,*,#1545,.T.);
#1545 = EDGE_CURVE('',#431,#941,#1546,.T.);
#1546 = LINE('',#1547,#1548);
#1547 = CARTESIAN_POINT('',(9.3,-2.,3.732050807569));
#1548 = VECTOR('',#1549,1.);
#1549 = DIRECTION('',(0.,0.,1.));
#1550 = PLANE('',#1551);
#1551 = AXIS2_PLACEMENT_3D('',#1552,#1553,#1554);
#1552 = CARTESIAN_POINT('',(9.3,-1.,0.));
#1553 = DIRECTION('',(1.,0.,0.));
#1554 = DIRECTION('',(0.,-1.,0.));
#1555 = ADVANCED_FACE('',(#1556),#1568,.T.);
#1556 = FACE_BOUND('',#1557,.F.);
#1557 = EDGE_LOOP('',(#1558,#1559,#1560,#1561,#1567));
#1558 = ORIENTED_EDGE('',*,*,#454,.T.);
#1559 = ORIENTED_EDGE('',*,*,#1418,.T.);
#1560 = ORIENTED_EDGE('',*,*,#919,.F.);
#1561 = ORIENTED_EDGE('',*,*,#1562,.F.);
#1562 = EDGE_CURVE('',#597,#920,#1563,.T.);
#1563 = LINE('',#1564,#1565);
#1564 = CARTESIAN_POINT('',(11.19,-8.212761060913,0.));
#1565 = VECTOR('',#1566,1.);
#1566 = DIRECTION('',(0.,0.,1.));
#1567 = ORIENTED_EDGE('',*,*,#596,.F.);
#1568 = CYLINDRICAL_SURFACE('',#1569,8.);
#1569 = AXIS2_PLACEMENT_3D('',#1570,#1571,#1572);
#1570 = CARTESIAN_POINT('',(6.15,-2.,0.));
#1571 = DIRECTION('',(-0.,-0.,-1.));
#1572 = DIRECTION('',(1.,0.,0.));
#1573 = ADVANCED_FACE('',(#1574),#1585,.F.);
#1574 = FACE_BOUND('',#1575,.T.);
#1575 = EDGE_LOOP('',(#1576,#1577,#1578,#1579));
#1576 = ORIENTED_EDGE('',*,*,#486,.T.);
#1577 = ORIENTED_EDGE('',*,*,#1545,.T.);
#1578 = ORIENTED_EDGE('',*,*,#938,.F.);
#1579 = ORIENTED_EDGE('',*,*,#1580,.F.);
#1580 = EDGE_CURVE('',#487,#939,#1581,.T.);
#1581 = LINE('',#1582,#1583);
#1582 = CARTESIAN_POINT('',(8.3,-1.,3.732050807569));
#1583 = VECTOR('',#1584,1.);
#1584 = DIRECTION('',(0.,0.,1.));
#1585 = CYLINDRICAL_SURFACE('',#1586,1.);
#1586 = AXIS2_PLACEMENT_3D('',#1587,#1588,#1589);
#1587 = CARTESIAN_POINT('',(8.3,-2.,3.732050807569));
#1588 = DIRECTION('',(0.,0.,1.));
#1589 = DIRECTION('',(0.,1.,0.));
#1590 = ADVANCED_FACE('',(#1591),#1602,.T.);
#1591 = FACE_BOUND('',#1592,.T.);
#1592 = EDGE_LOOP('',(#1593,#1594,#1595,#1601));
#1593 = ORIENTED_EDGE('',*,*,#1580,.T.);
#1594 = ORIENTED_EDGE('',*,*,#1018,.T.);
#1595 = ORIENTED_EDGE('',*,*,#1596,.F.);
#1596 = EDGE_CURVE('',#524,#1010,#1597,.T.);
#1597 = LINE('',#1598,#1599);
#1598 = CARTESIAN_POINT('',(-8.3,-1.,3.732050807569));
#1599 = VECTOR('',#1600,1.);
#1600 = DIRECTION('',(-2.2E-16,0.,1.));
#1601 = ORIENTED_EDGE('',*,*,#523,.T.);
#1602 = PLANE('',#1603);
#1603 = AXIS2_PLACEMENT_3D('',#1604,#1605,#1606);
#1604 = CARTESIAN_POINT('',(-6.3E-16,-1.,5.666025403784));
#1605 = DIRECTION('',(-0.,-1.,-0.));
#1606 = DIRECTION('',(0.,0.,-1.));
#1607 = ADVANCED_FACE('',(#1608),#1614,.F.);
#1608 = FACE_BOUND('',#1609,.F.);
#1609 = EDGE_LOOP('',(#1610,#1611,#1612,#1613));
#1610 = ORIENTED_EDGE('',*,*,#531,.T.);
#1611 = ORIENTED_EDGE('',*,*,#1443,.T.);
#1612 = ORIENTED_EDGE('',*,*,#1009,.F.);
#1613 = ORIENTED_EDGE('',*,*,#1596,.F.);
#1614 = CYLINDRICAL_SURFACE('',#1615,1.);
#1615 = AXIS2_PLACEMENT_3D('',#1616,#1617,#1618);
#1616 = CARTESIAN_POINT('',(-8.3,-2.,3.732050807569));
#1617 = DIRECTION('',(-2.2E-16,0.,1.));
#1618 = DIRECTION('',(2.2E-16,1.,4.84E-32));
#1619 = ADVANCED_FACE('',(#1620),#1626,.T.);
#1620 = FACE_BOUND('',#1621,.F.);
#1621 = EDGE_LOOP('',(#1622,#1623,#1624,#1625));
#1622 = ORIENTED_EDGE('',*,*,#605,.F.);
#1623 = ORIENTED_EDGE('',*,*,#1562,.T.);
#1624 = ORIENTED_EDGE('',*,*,#928,.F.);
#1625 = ORIENTED_EDGE('',*,*,#883,.F.);
#1626 = CYLINDRICAL_SURFACE('',#1627,3.);
#1627 = AXIS2_PLACEMENT_3D('',#1628,#1629,#1630);
#1628 = CARTESIAN_POINT('',(9.3,-5.882975663071,0.));
#1629 = DIRECTION('',(-0.,-0.,-1.));
#1630 = DIRECTION('',(1.,0.,0.));
#1631 = ADVANCED_FACE('',(#1632),#1651,.F.);
#1632 = FACE_BOUND('',#1633,.F.);
#1633 = EDGE_LOOP('',(#1634,#1635,#1644,#1650));
#1634 = ORIENTED_EDGE('',*,*,#769,.F.);
#1635 = ORIENTED_EDGE('',*,*,#1636,.T.);
#1636 = EDGE_CURVE('',#770,#1637,#1639,.T.);
#1637 = VERTEX_POINT('',#1638);
#1638 = CARTESIAN_POINT('',(6.,29.55,3.1));
#1639 = CIRCLE('',#1640,0.45);
#1640 = AXIS2_PLACEMENT_3D('',#1641,#1642,#1643);
#1641 = CARTESIAN_POINT('',(6.45,29.55,3.1));
#1642 = DIRECTION('',(0.,-0.,1.));
#1643 = DIRECTION('',(0.,1.,0.));
#1644 = ORIENTED_EDGE('',*,*,#1645,.T.);
#1645 = EDGE_CURVE('',#1637,#1394,#1646,.T.);
#1646 = LINE('',#1647,#1648);
#1647 = CARTESIAN_POINT('',(6.,29.55,9.999999999999E-02));
#1648 = VECTOR('',#1649,1.);
#1649 = DIRECTION('',(0.,0.,1.));
#1650 = ORIENTED_EDGE('',*,*,#1401,.F.);
#1651 = CYLINDRICAL_SURFACE('',#1652,0.45);
#1652 = AXIS2_PLACEMENT_3D('',#1653,#1654,#1655);
#1653 = CARTESIAN_POINT('',(6.45,29.55,9.999999999999E-02));
#1654 = DIRECTION('',(0.,0.,1.));
#1655 = DIRECTION('',(0.,1.,0.));
#1656 = ADVANCED_FACE('',(#1657,#2016),#2027,.F.);
#1657 = FACE_BOUND('',#1658,.F.);
#1658 = EDGE_LOOP('',(#1659,#1660,#1661,#1670,#1678,#1687,#1695,#1704,
    #1712,#1721,#1729,#1738,#1746,#1755,#1763,#1772,#1780,#1789,#1797,
    #1806,#1814,#1823,#1831,#1840,#1848,#1857,#1865,#1874,#1882,#1891,
    #1899,#1908,#1916,#1925,#1933,#1942,#1950,#1959,#1967,#1976,#1984,
    #1993,#2001,#2010));
#1659 = ORIENTED_EDGE('',*,*,#1636,.F.);
#1660 = ORIENTED_EDGE('',*,*,#777,.T.);
#1661 = ORIENTED_EDGE('',*,*,#1662,.F.);
#1662 = EDGE_CURVE('',#1663,#778,#1665,.T.);
#1663 = VERTEX_POINT('',#1664);
#1664 = CARTESIAN_POINT('',(4.,29.55,3.1));
#1665 = CIRCLE('',#1666,0.45);
#1666 = AXIS2_PLACEMENT_3D('',#1667,#1668,#1669);
#1667 = CARTESIAN_POINT('',(3.55,29.55,3.1));
#1668 = DIRECTION('',(0.,0.,1.));
#1669 = DIRECTION('',(1.,0.,0.));
#1670 = ORIENTED_EDGE('',*,*,#1671,.F.);
#1671 = EDGE_CURVE('',#1672,#1663,#1674,.T.);
#1672 = VERTEX_POINT('',#1673);
#1673 = CARTESIAN_POINT('',(4.,29.45,3.1));
#1674 = LINE('',#1675,#1676);
#1675 = CARTESIAN_POINT('',(4.,23.915714709603,3.1));
#1676 = VECTOR('',#1677,1.);
#1677 = DIRECTION('',(0.,1.,0.));
#1678 = ORIENTED_EDGE('',*,*,#1679,.F.);
#1679 = EDGE_CURVE('',#1680,#1672,#1682,.T.);
#1680 = VERTEX_POINT('',#1681);
#1681 = CARTESIAN_POINT('',(3.55,29.,3.1));
#1682 = CIRCLE('',#1683,0.45);
#1683 = AXIS2_PLACEMENT_3D('',#1684,#1685,#1686);
#1684 = CARTESIAN_POINT('',(3.55,29.45,3.1));
#1685 = DIRECTION('',(-0.,0.,1.));
#1686 = DIRECTION('',(0.,-1.,0.));
#1687 = ORIENTED_EDGE('',*,*,#1688,.F.);
#1688 = EDGE_CURVE('',#1689,#1680,#1691,.T.);
#1689 = VERTEX_POINT('',#1690);
#1690 = CARTESIAN_POINT('',(-4.55,29.,3.1));
#1691 = LINE('',#1692,#1693);
#1692 = CARTESIAN_POINT('',(-3.176642435419,29.,3.1));
#1693 = VECTOR('',#1694,1.);
#1694 = DIRECTION('',(1.,0.,0.));
#1695 = ORIENTED_EDGE('',*,*,#1696,.F.);
#1696 = EDGE_CURVE('',#1697,#1689,#1699,.T.);
#1697 = VERTEX_POINT('',#1698);
#1698 = CARTESIAN_POINT('',(-6.,27.55,3.1));
#1699 = CIRCLE('',#1700,1.45);
#1700 = AXIS2_PLACEMENT_3D('',#1701,#1702,#1703);
#1701 = CARTESIAN_POINT('',(-4.55,27.55,3.1));
#1702 = DIRECTION('',(0.,0.,-1.));
#1703 = DIRECTION('',(0.,1.,0.));
#1704 = ORIENTED_EDGE('',*,*,#1705,.F.);
#1705 = EDGE_CURVE('',#1706,#1697,#1708,.T.);
#1706 = VERTEX_POINT('',#1707);
#1707 = CARTESIAN_POINT('',(-6.,25.45,3.1));
#1708 = LINE('',#1709,#1710);
#1709 = CARTESIAN_POINT('',(-6.,13.415714709642,3.1));
#1710 = VECTOR('',#1711,1.);
#1711 = DIRECTION('',(0.,1.,0.));
#1712 = ORIENTED_EDGE('',*,*,#1713,.T.);
#1713 = EDGE_CURVE('',#1706,#1714,#1716,.T.);
#1714 = VERTEX_POINT('',#1715);
#1715 = CARTESIAN_POINT('',(-4.55,24.,3.1));
#1716 = CIRCLE('',#1717,1.45);
#1717 = AXIS2_PLACEMENT_3D('',#1718,#1719,#1720);
#1718 = CARTESIAN_POINT('',(-4.55,25.45,3.1));
#1719 = DIRECTION('',(0.,0.,1.));
#1720 = DIRECTION('',(-1.,0.,0.));
#1721 = ORIENTED_EDGE('',*,*,#1722,.F.);
#1722 = EDGE_CURVE('',#1723,#1714,#1725,.T.);
#1723 = VERTEX_POINT('',#1724);
#1724 = CARTESIAN_POINT('',(3.55,24.,3.1));
#1725 = LINE('',#1726,#1727);
#1726 = CARTESIAN_POINT('',(2.073357564581,24.,3.1));
#1727 = VECTOR('',#1728,1.);
#1728 = DIRECTION('',(-1.,0.,0.));
#1729 = ORIENTED_EDGE('',*,*,#1730,.F.);
#1730 = EDGE_CURVE('',#1731,#1723,#1733,.T.);
#1731 = VERTEX_POINT('',#1732);
#1732 = CARTESIAN_POINT('',(4.,23.55,3.1));
#1733 = CIRCLE('',#1734,0.45);
#1734 = AXIS2_PLACEMENT_3D('',#1735,#1736,#1737);
#1735 = CARTESIAN_POINT('',(3.55,23.55,3.1));
#1736 = DIRECTION('',(0.,0.,1.));
#1737 = DIRECTION('',(1.,0.,0.));
#1738 = ORIENTED_EDGE('',*,*,#1739,.F.);
#1739 = EDGE_CURVE('',#1740,#1731,#1742,.T.);
#1740 = VERTEX_POINT('',#1741);
#1741 = CARTESIAN_POINT('',(4.,23.45,3.1));
#1742 = LINE('',#1743,#1744);
#1743 = CARTESIAN_POINT('',(4.,20.915714709603,3.1));
#1744 = VECTOR('',#1745,1.);
#1745 = DIRECTION('',(0.,1.,0.));
#1746 = ORIENTED_EDGE('',*,*,#1747,.F.);
#1747 = EDGE_CURVE('',#1748,#1740,#1750,.T.);
#1748 = VERTEX_POINT('',#1749);
#1749 = CARTESIAN_POINT('',(3.55,23.,3.1));
#1750 = CIRCLE('',#1751,0.45);
#1751 = AXIS2_PLACEMENT_3D('',#1752,#1753,#1754);
#1752 = CARTESIAN_POINT('',(3.55,23.45,3.1));
#1753 = DIRECTION('',(-0.,0.,1.));
#1754 = DIRECTION('',(0.,-1.,0.));
#1755 = ORIENTED_EDGE('',*,*,#1756,.F.);
#1756 = EDGE_CURVE('',#1757,#1748,#1759,.T.);
#1757 = VERTEX_POINT('',#1758);
#1758 = CARTESIAN_POINT('',(-4.55,23.,3.1));
#1759 = LINE('',#1760,#1761);
#1760 = CARTESIAN_POINT('',(-3.176642435419,23.,3.1));
#1761 = VECTOR('',#1762,1.);
#1762 = DIRECTION('',(1.,0.,0.));
#1763 = ORIENTED_EDGE('',*,*,#1764,.F.);
#1764 = EDGE_CURVE('',#1765,#1757,#1767,.T.);
#1765 = VERTEX_POINT('',#1766);
#1766 = CARTESIAN_POINT('',(-6.,21.55,3.1));
#1767 = CIRCLE('',#1768,1.45);
#1768 = AXIS2_PLACEMENT_3D('',#1769,#1770,#1771);
#1769 = CARTESIAN_POINT('',(-4.55,21.55,3.1));
#1770 = DIRECTION('',(0.,0.,-1.));
#1771 = DIRECTION('',(0.,1.,0.));
#1772 = ORIENTED_EDGE('',*,*,#1773,.F.);
#1773 = EDGE_CURVE('',#1774,#1765,#1776,.T.);
#1774 = VERTEX_POINT('',#1775);
#1775 = CARTESIAN_POINT('',(-6.,19.45,3.1));
#1776 = LINE('',#1777,#1778);
#1777 = CARTESIAN_POINT('',(-6.,13.415714709642,3.1));
#1778 = VECTOR('',#1779,1.);
#1779 = DIRECTION('',(0.,1.,0.));
#1780 = ORIENTED_EDGE('',*,*,#1781,.T.);
#1781 = EDGE_CURVE('',#1774,#1782,#1784,.T.);
#1782 = VERTEX_POINT('',#1783);
#1783 = CARTESIAN_POINT('',(-4.55,18.,3.1));
#1784 = CIRCLE('',#1785,1.45);
#1785 = AXIS2_PLACEMENT_3D('',#1786,#1787,#1788);
#1786 = CARTESIAN_POINT('',(-4.55,19.45,3.1));
#1787 = DIRECTION('',(0.,0.,1.));
#1788 = DIRECTION('',(-1.,0.,0.));
#1789 = ORIENTED_EDGE('',*,*,#1790,.F.);
#1790 = EDGE_CURVE('',#1791,#1782,#1793,.T.);
#1791 = VERTEX_POINT('',#1792);
#1792 = CARTESIAN_POINT('',(3.55,18.,3.1));
#1793 = LINE('',#1794,#1795);
#1794 = CARTESIAN_POINT('',(2.073357564581,18.,3.1));
#1795 = VECTOR('',#1796,1.);
#1796 = DIRECTION('',(-1.,0.,0.));
#1797 = ORIENTED_EDGE('',*,*,#1798,.F.);
#1798 = EDGE_CURVE('',#1799,#1791,#1801,.T.);
#1799 = VERTEX_POINT('',#1800);
#1800 = CARTESIAN_POINT('',(4.,17.55,3.1));
#1801 = CIRCLE('',#1802,0.45);
#1802 = AXIS2_PLACEMENT_3D('',#1803,#1804,#1805);
#1803 = CARTESIAN_POINT('',(3.55,17.55,3.1));
#1804 = DIRECTION('',(0.,0.,1.));
#1805 = DIRECTION('',(1.,0.,0.));
#1806 = ORIENTED_EDGE('',*,*,#1807,.F.);
#1807 = EDGE_CURVE('',#1808,#1799,#1810,.T.);
#1808 = VERTEX_POINT('',#1809);
#1809 = CARTESIAN_POINT('',(4.,17.45,3.1));
#1810 = LINE('',#1811,#1812);
#1811 = CARTESIAN_POINT('',(4.,17.915714709603,3.1));
#1812 = VECTOR('',#1813,1.);
#1813 = DIRECTION('',(0.,1.,0.));
#1814 = ORIENTED_EDGE('',*,*,#1815,.F.);
#1815 = EDGE_CURVE('',#1816,#1808,#1818,.T.);
#1816 = VERTEX_POINT('',#1817);
#1817 = CARTESIAN_POINT('',(3.55,17.,3.1));
#1818 = CIRCLE('',#1819,0.45);
#1819 = AXIS2_PLACEMENT_3D('',#1820,#1821,#1822);
#1820 = CARTESIAN_POINT('',(3.55,17.45,3.1));
#1821 = DIRECTION('',(-0.,0.,1.));
#1822 = DIRECTION('',(0.,-1.,0.));
#1823 = ORIENTED_EDGE('',*,*,#1824,.F.);
#1824 = EDGE_CURVE('',#1825,#1816,#1827,.T.);
#1825 = VERTEX_POINT('',#1826);
#1826 = CARTESIAN_POINT('',(-4.55,17.,3.1));
#1827 = LINE('',#1828,#1829);
#1828 = CARTESIAN_POINT('',(-3.176642435419,17.,3.1));
#1829 = VECTOR('',#1830,1.);
#1830 = DIRECTION('',(1.,0.,0.));
#1831 = ORIENTED_EDGE('',*,*,#1832,.F.);
#1832 = EDGE_CURVE('',#1833,#1825,#1835,.T.);
#1833 = VERTEX_POINT('',#1834);
#1834 = CARTESIAN_POINT('',(-6.,15.55,3.1));
#1835 = CIRCLE('',#1836,1.45);
#1836 = AXIS2_PLACEMENT_3D('',#1837,#1838,#1839);
#1837 = CARTESIAN_POINT('',(-4.55,15.55,3.1));
#1838 = DIRECTION('',(0.,0.,-1.));
#1839 = DIRECTION('',(-1.,0.,0.));
#1840 = ORIENTED_EDGE('',*,*,#1841,.F.);
#1841 = EDGE_CURVE('',#1842,#1833,#1844,.T.);
#1842 = VERTEX_POINT('',#1843);
#1843 = CARTESIAN_POINT('',(-6.,9.450000000079,3.1));
#1844 = LINE('',#1845,#1846);
#1845 = CARTESIAN_POINT('',(-6.,13.415714709642,3.1));
#1846 = VECTOR('',#1847,1.);
#1847 = DIRECTION('',(0.,1.,0.));
#1848 = ORIENTED_EDGE('',*,*,#1849,.T.);
#1849 = EDGE_CURVE('',#1842,#1850,#1852,.T.);
#1850 = VERTEX_POINT('',#1851);
#1851 = CARTESIAN_POINT('',(-4.55,8.000000000079,3.1));
#1852 = CIRCLE('',#1853,1.45);
#1853 = AXIS2_PLACEMENT_3D('',#1854,#1855,#1856);
#1854 = CARTESIAN_POINT('',(-4.55,9.450000000079,3.1));
#1855 = DIRECTION('',(-0.,0.,1.));
#1856 = DIRECTION('',(0.,-1.,0.));
#1857 = ORIENTED_EDGE('',*,*,#1858,.F.);
#1858 = EDGE_CURVE('',#1859,#1850,#1861,.T.);
#1859 = VERTEX_POINT('',#1860);
#1860 = CARTESIAN_POINT('',(4.55,8.000000000079,3.1));
#1861 = LINE('',#1862,#1863);
#1862 = CARTESIAN_POINT('',(7.335756458132E-02,8.000000000079,3.1));
#1863 = VECTOR('',#1864,1.);
#1864 = DIRECTION('',(-1.,0.,0.));
#1865 = ORIENTED_EDGE('',*,*,#1866,.T.);
#1866 = EDGE_CURVE('',#1859,#1867,#1869,.T.);
#1867 = VERTEX_POINT('',#1868);
#1868 = CARTESIAN_POINT('',(6.,9.450000000079,3.1));
#1869 = CIRCLE('',#1870,1.45);
#1870 = AXIS2_PLACEMENT_3D('',#1871,#1872,#1873);
#1871 = CARTESIAN_POINT('',(4.55,9.450000000079,3.1));
#1872 = DIRECTION('',(0.,0.,1.));
#1873 = DIRECTION('',(1.,0.,0.));
#1874 = ORIENTED_EDGE('',*,*,#1875,.T.);
#1875 = EDGE_CURVE('',#1867,#1876,#1878,.T.);
#1876 = VERTEX_POINT('',#1877);
#1877 = CARTESIAN_POINT('',(6.,18.55,3.1));
#1878 = LINE('',#1879,#1880);
#1879 = CARTESIAN_POINT('',(6.,13.415714709642,3.1));
#1880 = VECTOR('',#1881,1.);
#1881 = DIRECTION('',(0.,1.,0.));
#1882 = ORIENTED_EDGE('',*,*,#1883,.F.);
#1883 = EDGE_CURVE('',#1884,#1876,#1886,.T.);
#1884 = VERTEX_POINT('',#1885);
#1885 = CARTESIAN_POINT('',(4.55,20.,3.1));
#1886 = CIRCLE('',#1887,1.45);
#1887 = AXIS2_PLACEMENT_3D('',#1888,#1889,#1890);
#1888 = CARTESIAN_POINT('',(4.55,18.55,3.1));
#1889 = DIRECTION('',(0.,0.,-1.));
#1890 = DIRECTION('',(0.,1.,0.));
#1891 = ORIENTED_EDGE('',*,*,#1892,.F.);
#1892 = EDGE_CURVE('',#1893,#1884,#1895,.T.);
#1893 = VERTEX_POINT('',#1894);
#1894 = CARTESIAN_POINT('',(-3.55,20.,3.1));
#1895 = LINE('',#1896,#1897);
#1896 = CARTESIAN_POINT('',(-1.926642435419,20.,3.1));
#1897 = VECTOR('',#1898,1.);
#1898 = DIRECTION('',(1.,0.,0.));
#1899 = ORIENTED_EDGE('',*,*,#1900,.F.);
#1900 = EDGE_CURVE('',#1901,#1893,#1903,.T.);
#1901 = VERTEX_POINT('',#1902);
#1902 = CARTESIAN_POINT('',(-4.,20.45,3.1));
#1903 = CIRCLE('',#1904,0.45);
#1904 = AXIS2_PLACEMENT_3D('',#1905,#1906,#1907);
#1905 = CARTESIAN_POINT('',(-3.55,20.45,3.1));
#1906 = DIRECTION('',(0.,0.,1.));
#1907 = DIRECTION('',(-1.,0.,0.));
#1908 = ORIENTED_EDGE('',*,*,#1909,.F.);
#1909 = EDGE_CURVE('',#1910,#1901,#1912,.T.);
#1910 = VERTEX_POINT('',#1911);
#1911 = CARTESIAN_POINT('',(-4.,20.55,3.1));
#1912 = LINE('',#1913,#1914);
#1913 = CARTESIAN_POINT('',(-4.,19.915714709603,3.1));
#1914 = VECTOR('',#1915,1.);
#1915 = DIRECTION('',(0.,-1.,0.));
#1916 = ORIENTED_EDGE('',*,*,#1917,.F.);
#1917 = EDGE_CURVE('',#1918,#1910,#1920,.T.);
#1918 = VERTEX_POINT('',#1919);
#1919 = CARTESIAN_POINT('',(-3.55,21.,3.1));
#1920 = CIRCLE('',#1921,0.45);
#1921 = AXIS2_PLACEMENT_3D('',#1922,#1923,#1924);
#1922 = CARTESIAN_POINT('',(-3.55,20.55,3.1));
#1923 = DIRECTION('',(0.,-0.,1.));
#1924 = DIRECTION('',(0.,1.,0.));
#1925 = ORIENTED_EDGE('',*,*,#1926,.F.);
#1926 = EDGE_CURVE('',#1927,#1918,#1929,.T.);
#1927 = VERTEX_POINT('',#1928);
#1928 = CARTESIAN_POINT('',(4.55,21.,3.1));
#1929 = LINE('',#1930,#1931);
#1930 = CARTESIAN_POINT('',(3.323357564581,21.,3.1));
#1931 = VECTOR('',#1932,1.);
#1932 = DIRECTION('',(-1.,0.,0.));
#1933 = ORIENTED_EDGE('',*,*,#1934,.T.);
#1934 = EDGE_CURVE('',#1927,#1935,#1937,.T.);
#1935 = VERTEX_POINT('',#1936);
#1936 = CARTESIAN_POINT('',(6.,22.45,3.1));
#1937 = CIRCLE('',#1938,1.45);
#1938 = AXIS2_PLACEMENT_3D('',#1939,#1940,#1941);
#1939 = CARTESIAN_POINT('',(4.55,22.45,3.1));
#1940 = DIRECTION('',(0.,0.,1.));
#1941 = DIRECTION('',(1.,0.,0.));
#1942 = ORIENTED_EDGE('',*,*,#1943,.T.);
#1943 = EDGE_CURVE('',#1935,#1944,#1946,.T.);
#1944 = VERTEX_POINT('',#1945);
#1945 = CARTESIAN_POINT('',(6.,24.55,3.1));
#1946 = LINE('',#1947,#1948);
#1947 = CARTESIAN_POINT('',(6.,13.415714709642,3.1));
#1948 = VECTOR('',#1949,1.);
#1949 = DIRECTION('',(0.,1.,0.));
#1950 = ORIENTED_EDGE('',*,*,#1951,.F.);
#1951 = EDGE_CURVE('',#1952,#1944,#1954,.T.);
#1952 = VERTEX_POINT('',#1953);
#1953 = CARTESIAN_POINT('',(4.55,26.,3.1));
#1954 = CIRCLE('',#1955,1.45);
#1955 = AXIS2_PLACEMENT_3D('',#1956,#1957,#1958);
#1956 = CARTESIAN_POINT('',(4.55,24.55,3.1));
#1957 = DIRECTION('',(0.,0.,-1.));
#1958 = DIRECTION('',(0.,1.,0.));
#1959 = ORIENTED_EDGE('',*,*,#1960,.F.);
#1960 = EDGE_CURVE('',#1961,#1952,#1963,.T.);
#1961 = VERTEX_POINT('',#1962);
#1962 = CARTESIAN_POINT('',(-3.55,26.,3.1));
#1963 = LINE('',#1964,#1965);
#1964 = CARTESIAN_POINT('',(-1.926642435419,26.,3.1));
#1965 = VECTOR('',#1966,1.);
#1966 = DIRECTION('',(1.,0.,0.));
#1967 = ORIENTED_EDGE('',*,*,#1968,.F.);
#1968 = EDGE_CURVE('',#1969,#1961,#1971,.T.);
#1969 = VERTEX_POINT('',#1970);
#1970 = CARTESIAN_POINT('',(-4.,26.45,3.1));
#1971 = CIRCLE('',#1972,0.45);
#1972 = AXIS2_PLACEMENT_3D('',#1973,#1974,#1975);
#1973 = CARTESIAN_POINT('',(-3.55,26.45,3.1));
#1974 = DIRECTION('',(0.,0.,1.));
#1975 = DIRECTION('',(-1.,0.,0.));
#1976 = ORIENTED_EDGE('',*,*,#1977,.F.);
#1977 = EDGE_CURVE('',#1978,#1969,#1980,.T.);
#1978 = VERTEX_POINT('',#1979);
#1979 = CARTESIAN_POINT('',(-4.,26.55,3.1));
#1980 = LINE('',#1981,#1982);
#1981 = CARTESIAN_POINT('',(-4.,22.915714709603,3.1));
#1982 = VECTOR('',#1983,1.);
#1983 = DIRECTION('',(0.,-1.,0.));
#1984 = ORIENTED_EDGE('',*,*,#1985,.F.);
#1985 = EDGE_CURVE('',#1986,#1978,#1988,.T.);
#1986 = VERTEX_POINT('',#1987);
#1987 = CARTESIAN_POINT('',(-3.55,27.,3.1));
#1988 = CIRCLE('',#1989,0.45);
#1989 = AXIS2_PLACEMENT_3D('',#1990,#1991,#1992);
#1990 = CARTESIAN_POINT('',(-3.55,26.55,3.1));
#1991 = DIRECTION('',(0.,-0.,1.));
#1992 = DIRECTION('',(0.,1.,0.));
#1993 = ORIENTED_EDGE('',*,*,#1994,.F.);
#1994 = EDGE_CURVE('',#1995,#1986,#1997,.T.);
#1995 = VERTEX_POINT('',#1996);
#1996 = CARTESIAN_POINT('',(4.55,27.,3.1));
#1997 = LINE('',#1998,#1999);
#1998 = CARTESIAN_POINT('',(3.323357564581,27.,3.1));
#1999 = VECTOR('',#2000,1.);
#2000 = DIRECTION('',(-1.,0.,0.));
#2001 = ORIENTED_EDGE('',*,*,#2002,.T.);
#2002 = EDGE_CURVE('',#1995,#2003,#2005,.T.);
#2003 = VERTEX_POINT('',#2004);
#2004 = CARTESIAN_POINT('',(6.,28.45,3.1));
#2005 = CIRCLE('',#2006,1.45);
#2006 = AXIS2_PLACEMENT_3D('',#2007,#2008,#2009);
#2007 = CARTESIAN_POINT('',(4.55,28.45,3.1));
#2008 = DIRECTION('',(0.,0.,1.));
#2009 = DIRECTION('',(1.,0.,0.));
#2010 = ORIENTED_EDGE('',*,*,#2011,.T.);
#2011 = EDGE_CURVE('',#2003,#1637,#2012,.T.);
#2012 = LINE('',#2013,#2014);
#2013 = CARTESIAN_POINT('',(6.,13.415714709642,3.1));
#2014 = VECTOR('',#2015,1.);
#2015 = DIRECTION('',(0.,1.,0.));
#2016 = FACE_BOUND('',#2017,.F.);
#2017 = EDGE_LOOP('',(#2018));
#2018 = ORIENTED_EDGE('',*,*,#2019,.T.);
#2019 = EDGE_CURVE('',#2020,#2020,#2022,.T.);
#2020 = VERTEX_POINT('',#2021);
#2021 = CARTESIAN_POINT('',(-3.15,13.,3.1));
#2022 = CIRCLE('',#2023,3.15);
#2023 = AXIS2_PLACEMENT_3D('',#2024,#2025,#2026);
#2024 = CARTESIAN_POINT('',(0.,13.,3.1));
#2025 = DIRECTION('',(0.,0.,-1.));
#2026 = DIRECTION('',(-1.,0.,0.));
#2027 = PLANE('',#2028);
#2028 = AXIS2_PLACEMENT_3D('',#2029,#2030,#2031);
#2029 = CARTESIAN_POINT('',(0.146715129163,18.831429419206,3.1));
#2030 = DIRECTION('',(0.,0.,1.));
#2031 = DIRECTION('',(1.,0.,0.));
#2032 = ADVANCED_FACE('',(#2033),#2044,.F.);
#2033 = FACE_BOUND('',#2034,.F.);
#2034 = EDGE_LOOP('',(#2035,#2041,#2042,#2043));
#2035 = ORIENTED_EDGE('',*,*,#2036,.F.);
#2036 = EDGE_CURVE('',#1663,#1045,#2037,.T.);
#2037 = LINE('',#2038,#2039);
#2038 = CARTESIAN_POINT('',(4.,29.55,9.999999999999E-02));
#2039 = VECTOR('',#2040,1.);
#2040 = DIRECTION('',(0.,0.,1.));
#2041 = ORIENTED_EDGE('',*,*,#1662,.T.);
#2042 = ORIENTED_EDGE('',*,*,#785,.T.);
#2043 = ORIENTED_EDGE('',*,*,#1044,.F.);
#2044 = CYLINDRICAL_SURFACE('',#2045,0.45);
#2045 = AXIS2_PLACEMENT_3D('',#2046,#2047,#2048);
#2046 = CARTESIAN_POINT('',(3.55,29.55,9.999999999999E-02));
#2047 = DIRECTION('',(0.,0.,1.));
#2048 = DIRECTION('',(1.,0.,0.));
#2049 = ADVANCED_FACE('',(#2050),#2069,.F.);
#2050 = FACE_BOUND('',#2051,.T.);
#2051 = EDGE_LOOP('',(#2052,#2060,#2067,#2068));
#2052 = ORIENTED_EDGE('',*,*,#2053,.F.);
#2053 = EDGE_CURVE('',#2054,#1027,#2056,.T.);
#2054 = VERTEX_POINT('',#2055);
#2055 = CARTESIAN_POINT('',(-1.7,13.,4.55));
#2056 = LINE('',#2057,#2058);
#2057 = CARTESIAN_POINT('',(-1.7,13.,4.55));
#2058 = VECTOR('',#2059,1.);
#2059 = DIRECTION('',(6.E-17,0.,1.));
#2060 = ORIENTED_EDGE('',*,*,#2061,.T.);
#2061 = EDGE_CURVE('',#2054,#2054,#2062,.T.);
#2062 = CIRCLE('',#2063,1.7);
#2063 = AXIS2_PLACEMENT_3D('',#2064,#2065,#2066);
#2064 = CARTESIAN_POINT('',(0.,13.,4.55));
#2065 = DIRECTION('',(0.,0.,-1.));
#2066 = DIRECTION('',(-1.,0.,0.));
#2067 = ORIENTED_EDGE('',*,*,#2053,.T.);
#2068 = ORIENTED_EDGE('',*,*,#1026,.T.);
#2069 = CYLINDRICAL_SURFACE('',#2070,1.7);
#2070 = AXIS2_PLACEMENT_3D('',#2071,#2072,#2073);
#2071 = CARTESIAN_POINT('',(0.,13.,4.55));
#2072 = DIRECTION('',(0.,0.,1.));
#2073 = DIRECTION('',(-1.,0.,0.));
#2074 = ADVANCED_FACE('',(#2075),#2086,.F.);
#2075 = FACE_BOUND('',#2076,.F.);
#2076 = EDGE_LOOP('',(#2077,#2078,#2084,#2085));
#2077 = ORIENTED_EDGE('',*,*,#2011,.F.);
#2078 = ORIENTED_EDGE('',*,*,#2079,.T.);
#2079 = EDGE_CURVE('',#2003,#1385,#2080,.T.);
#2080 = LINE('',#2081,#2082);
#2081 = CARTESIAN_POINT('',(6.,28.45,9.999999999999E-02));
#2082 = VECTOR('',#2083,1.);
#2083 = DIRECTION('',(0.,0.,1.));
#2084 = ORIENTED_EDGE('',*,*,#1393,.F.);
#2085 = ORIENTED_EDGE('',*,*,#1645,.F.);
#2086 = PLANE('',#2087);
#2087 = AXIS2_PLACEMENT_3D('',#2088,#2089,#2090);
#2088 = CARTESIAN_POINT('',(6.,8.000000000079,0.));
#2089 = DIRECTION('',(-1.,0.,0.));
#2090 = DIRECTION('',(0.,1.,0.));
#2091 = ADVANCED_FACE('',(#2092),#2103,.T.);
#2092 = FACE_BOUND('',#2093,.F.);
#2093 = EDGE_LOOP('',(#2094,#2095,#2096,#2102));
#2094 = ORIENTED_EDGE('',*,*,#2079,.F.);
#2095 = ORIENTED_EDGE('',*,*,#2002,.F.);
#2096 = ORIENTED_EDGE('',*,*,#2097,.T.);
#2097 = EDGE_CURVE('',#1995,#1377,#2098,.T.);
#2098 = LINE('',#2099,#2100);
#2099 = CARTESIAN_POINT('',(4.55,27.,9.999999999999E-02));
#2100 = VECTOR('',#2101,1.);
#2101 = DIRECTION('',(0.,0.,1.));
#2102 = ORIENTED_EDGE('',*,*,#1384,.F.);
#2103 = CYLINDRICAL_SURFACE('',#2104,1.45);
#2104 = AXIS2_PLACEMENT_3D('',#2105,#2106,#2107);
#2105 = CARTESIAN_POINT('',(4.55,28.45,9.999999999999E-02));
#2106 = DIRECTION('',(0.,0.,1.));
#2107 = DIRECTION('',(1.,0.,0.));
#2108 = ADVANCED_FACE('',(#2109),#2120,.T.);
#2109 = FACE_BOUND('',#2110,.T.);
#2110 = EDGE_LOOP('',(#2111,#2112,#2113,#2119));
#2111 = ORIENTED_EDGE('',*,*,#2097,.T.);
#2112 = ORIENTED_EDGE('',*,*,#1376,.F.);
#2113 = ORIENTED_EDGE('',*,*,#2114,.F.);
#2114 = EDGE_CURVE('',#1986,#1368,#2115,.T.);
#2115 = LINE('',#2116,#2117);
#2116 = CARTESIAN_POINT('',(-3.55,27.,9.999999999999E-02));
#2117 = VECTOR('',#2118,1.);
#2118 = DIRECTION('',(0.,0.,1.));
#2119 = ORIENTED_EDGE('',*,*,#1994,.F.);
#2120 = PLANE('',#2121);
#2121 = AXIS2_PLACEMENT_3D('',#2122,#2123,#2124);
#2122 = CARTESIAN_POINT('',(6.5,27.,0.));
#2123 = DIRECTION('',(0.,-1.,0.));
#2124 = DIRECTION('',(-1.,0.,0.));
#2125 = ADVANCED_FACE('',(#2126),#2137,.F.);
#2126 = FACE_BOUND('',#2127,.F.);
#2127 = EDGE_LOOP('',(#2128,#2129,#2130,#2136));
#2128 = ORIENTED_EDGE('',*,*,#2114,.F.);
#2129 = ORIENTED_EDGE('',*,*,#1985,.T.);
#2130 = ORIENTED_EDGE('',*,*,#2131,.T.);
#2131 = EDGE_CURVE('',#1978,#1360,#2132,.T.);
#2132 = LINE('',#2133,#2134);
#2133 = CARTESIAN_POINT('',(-4.,26.55,9.999999999999E-02));
#2134 = VECTOR('',#2135,1.);
#2135 = DIRECTION('',(0.,0.,1.));
#2136 = ORIENTED_EDGE('',*,*,#1367,.F.);
#2137 = CYLINDRICAL_SURFACE('',#2138,0.45);
#2138 = AXIS2_PLACEMENT_3D('',#2139,#2140,#2141);
#2139 = CARTESIAN_POINT('',(-3.55,26.55,9.999999999999E-02));
#2140 = DIRECTION('',(0.,0.,1.));
#2141 = DIRECTION('',(0.,1.,0.));
#2142 = ADVANCED_FACE('',(#2143),#2154,.T.);
#2143 = FACE_BOUND('',#2144,.T.);
#2144 = EDGE_LOOP('',(#2145,#2146,#2152,#2153));
#2145 = ORIENTED_EDGE('',*,*,#1671,.F.);
#2146 = ORIENTED_EDGE('',*,*,#2147,.T.);
#2147 = EDGE_CURVE('',#1672,#1054,#2148,.T.);
#2148 = LINE('',#2149,#2150);
#2149 = CARTESIAN_POINT('',(4.,29.45,9.999999999999E-02));
#2150 = VECTOR('',#2151,1.);
#2151 = DIRECTION('',(0.,0.,1.));
#2152 = ORIENTED_EDGE('',*,*,#1053,.F.);
#2153 = ORIENTED_EDGE('',*,*,#2036,.F.);
#2154 = PLANE('',#2155);
#2155 = AXIS2_PLACEMENT_3D('',#2156,#2157,#2158);
#2156 = CARTESIAN_POINT('',(4.,29.,0.));
#2157 = DIRECTION('',(-1.,0.,0.));
#2158 = DIRECTION('',(0.,1.,0.));
#2159 = ADVANCED_FACE('',(#2160),#2171,.T.);
#2160 = FACE_BOUND('',#2161,.T.);
#2161 = EDGE_LOOP('',(#2162,#2163,#2164,#2165));
#2162 = ORIENTED_EDGE('',*,*,#1977,.F.);
#2163 = ORIENTED_EDGE('',*,*,#2131,.T.);
#2164 = ORIENTED_EDGE('',*,*,#1359,.F.);
#2165 = ORIENTED_EDGE('',*,*,#2166,.F.);
#2166 = EDGE_CURVE('',#1969,#1351,#2167,.T.);
#2167 = LINE('',#2168,#2169);
#2168 = CARTESIAN_POINT('',(-4.,26.45,9.999999999999E-02));
#2169 = VECTOR('',#2170,1.);
#2170 = DIRECTION('',(0.,0.,1.));
#2171 = PLANE('',#2172);
#2172 = AXIS2_PLACEMENT_3D('',#2173,#2174,#2175);
#2173 = CARTESIAN_POINT('',(-4.,27.,0.));
#2174 = DIRECTION('',(1.,0.,0.));
#2175 = DIRECTION('',(0.,-1.,0.));
#2176 = ADVANCED_FACE('',(#2177),#2188,.F.);
#2177 = FACE_BOUND('',#2178,.F.);
#2178 = EDGE_LOOP('',(#2179,#2185,#2186,#2187));
#2179 = ORIENTED_EDGE('',*,*,#2180,.F.);
#2180 = EDGE_CURVE('',#1680,#1062,#2181,.T.);
#2181 = LINE('',#2182,#2183);
#2182 = CARTESIAN_POINT('',(3.55,29.,9.999999999999E-02));
#2183 = VECTOR('',#2184,1.);
#2184 = DIRECTION('',(0.,0.,1.));
#2185 = ORIENTED_EDGE('',*,*,#1679,.T.);
#2186 = ORIENTED_EDGE('',*,*,#2147,.T.);
#2187 = ORIENTED_EDGE('',*,*,#1061,.F.);
#2188 = CYLINDRICAL_SURFACE('',#2189,0.45);
#2189 = AXIS2_PLACEMENT_3D('',#2190,#2191,#2192);
#2190 = CARTESIAN_POINT('',(3.55,29.45,9.999999999999E-02));
#2191 = DIRECTION('',(0.,0.,1.));
#2192 = DIRECTION('',(0.,-1.,0.));
#2193 = ADVANCED_FACE('',(#2194),#2205,.F.);
#2194 = FACE_BOUND('',#2195,.F.);
#2195 = EDGE_LOOP('',(#2196,#2197,#2198,#2204));
#2196 = ORIENTED_EDGE('',*,*,#2166,.F.);
#2197 = ORIENTED_EDGE('',*,*,#1968,.T.);
#2198 = ORIENTED_EDGE('',*,*,#2199,.T.);
#2199 = EDGE_CURVE('',#1961,#1343,#2200,.T.);
#2200 = LINE('',#2201,#2202);
#2201 = CARTESIAN_POINT('',(-3.55,26.,9.999999999999E-02));
#2202 = VECTOR('',#2203,1.);
#2203 = DIRECTION('',(0.,0.,1.));
#2204 = ORIENTED_EDGE('',*,*,#1350,.F.);
#2205 = CYLINDRICAL_SURFACE('',#2206,0.45);
#2206 = AXIS2_PLACEMENT_3D('',#2207,#2208,#2209);
#2207 = CARTESIAN_POINT('',(-3.55,26.45,9.999999999999E-02));
#2208 = DIRECTION('',(0.,0.,1.));
#2209 = DIRECTION('',(-1.,0.,0.));
#2210 = ADVANCED_FACE('',(#2211),#2222,.T.);
#2211 = FACE_BOUND('',#2212,.T.);
#2212 = EDGE_LOOP('',(#2213,#2219,#2220,#2221));
#2213 = ORIENTED_EDGE('',*,*,#2214,.F.);
#2214 = EDGE_CURVE('',#1071,#1689,#2215,.T.);
#2215 = LINE('',#2216,#2217);
#2216 = CARTESIAN_POINT('',(-4.55,29.,7.6));
#2217 = VECTOR('',#2218,1.);
#2218 = DIRECTION('',(0.,0.,-1.));
#2219 = ORIENTED_EDGE('',*,*,#1070,.F.);
#2220 = ORIENTED_EDGE('',*,*,#2180,.F.);
#2221 = ORIENTED_EDGE('',*,*,#1688,.F.);
#2222 = PLANE('',#2223);
#2223 = AXIS2_PLACEMENT_3D('',#2224,#2225,#2226);
#2224 = CARTESIAN_POINT('',(-6.5,29.,0.));
#2225 = DIRECTION('',(0.,1.,0.));
#2226 = DIRECTION('',(1.,0.,0.));
#2227 = ADVANCED_FACE('',(#2228),#2239,.T.);
#2228 = FACE_BOUND('',#2229,.T.);
#2229 = EDGE_LOOP('',(#2230,#2231,#2232,#2233));
#2230 = ORIENTED_EDGE('',*,*,#1960,.F.);
#2231 = ORIENTED_EDGE('',*,*,#2199,.T.);
#2232 = ORIENTED_EDGE('',*,*,#1342,.F.);
#2233 = ORIENTED_EDGE('',*,*,#2234,.T.);
#2234 = EDGE_CURVE('',#1334,#1952,#2235,.T.);
#2235 = LINE('',#2236,#2237);
#2236 = CARTESIAN_POINT('',(4.55,26.,7.6));
#2237 = VECTOR('',#2238,1.);
#2238 = DIRECTION('',(0.,0.,-1.));
#2239 = PLANE('',#2240);
#2240 = AXIS2_PLACEMENT_3D('',#2241,#2242,#2243);
#2241 = CARTESIAN_POINT('',(-4.,26.,0.));
#2242 = DIRECTION('',(0.,1.,0.));
#2243 = DIRECTION('',(1.,0.,0.));
#2244 = ADVANCED_FACE('',(#2245),#2256,.T.);
#2245 = FACE_BOUND('',#2246,.F.);
#2246 = EDGE_LOOP('',(#2247,#2248,#2249,#2255));
#2247 = ORIENTED_EDGE('',*,*,#2214,.F.);
#2248 = ORIENTED_EDGE('',*,*,#1078,.T.);
#2249 = ORIENTED_EDGE('',*,*,#2250,.T.);
#2250 = EDGE_CURVE('',#1079,#1697,#2251,.T.);
#2251 = LINE('',#2252,#2253);
#2252 = CARTESIAN_POINT('',(-6.,27.55,7.6));
#2253 = VECTOR('',#2254,1.);
#2254 = DIRECTION('',(0.,0.,-1.));
#2255 = ORIENTED_EDGE('',*,*,#1696,.T.);
#2256 = CYLINDRICAL_SURFACE('',#2257,1.45);
#2257 = AXIS2_PLACEMENT_3D('',#2258,#2259,#2260);
#2258 = CARTESIAN_POINT('',(-4.55,27.55,7.6));
#2259 = DIRECTION('',(0.,0.,-1.));
#2260 = DIRECTION('',(0.,1.,0.));
#2261 = ADVANCED_FACE('',(#2262),#2273,.T.);
#2262 = FACE_BOUND('',#2263,.T.);
#2263 = EDGE_LOOP('',(#2264,#2265,#2266,#2272));
#2264 = ORIENTED_EDGE('',*,*,#2234,.F.);
#2265 = ORIENTED_EDGE('',*,*,#1333,.T.);
#2266 = ORIENTED_EDGE('',*,*,#2267,.T.);
#2267 = EDGE_CURVE('',#1326,#1944,#2268,.T.);
#2268 = LINE('',#2269,#2270);
#2269 = CARTESIAN_POINT('',(6.,24.55,7.6));
#2270 = VECTOR('',#2271,1.);
#2271 = DIRECTION('',(0.,0.,-1.));
#2272 = ORIENTED_EDGE('',*,*,#1951,.F.);
#2273 = CYLINDRICAL_SURFACE('',#2274,1.45);
#2274 = AXIS2_PLACEMENT_3D('',#2275,#2276,#2277);
#2275 = CARTESIAN_POINT('',(4.55,24.55,7.6));
#2276 = DIRECTION('',(0.,0.,-1.));
#2277 = DIRECTION('',(0.,1.,0.));
#2278 = ADVANCED_FACE('',(#2279),#2290,.F.);
#2279 = FACE_BOUND('',#2280,.T.);
#2280 = EDGE_LOOP('',(#2281,#2282,#2288,#2289));
#2281 = ORIENTED_EDGE('',*,*,#1705,.F.);
#2282 = ORIENTED_EDGE('',*,*,#2283,.T.);
#2283 = EDGE_CURVE('',#1706,#1088,#2284,.T.);
#2284 = LINE('',#2285,#2286);
#2285 = CARTESIAN_POINT('',(-6.,25.45,9.999999999999E-02));
#2286 = VECTOR('',#2287,1.);
#2287 = DIRECTION('',(0.,0.,1.));
#2288 = ORIENTED_EDGE('',*,*,#1087,.F.);
#2289 = ORIENTED_EDGE('',*,*,#2250,.T.);
#2290 = PLANE('',#2291);
#2291 = AXIS2_PLACEMENT_3D('',#2292,#2293,#2294);
#2292 = CARTESIAN_POINT('',(-6.,8.000000000079,0.));
#2293 = DIRECTION('',(1.,0.,0.));
#2294 = DIRECTION('',(0.,-1.,0.));
#2295 = ADVANCED_FACE('',(#2296),#2307,.F.);
#2296 = FACE_BOUND('',#2297,.F.);
#2297 = EDGE_LOOP('',(#2298,#2299,#2305,#2306));
#2298 = ORIENTED_EDGE('',*,*,#1943,.F.);
#2299 = ORIENTED_EDGE('',*,*,#2300,.T.);
#2300 = EDGE_CURVE('',#1935,#1317,#2301,.T.);
#2301 = LINE('',#2302,#2303);
#2302 = CARTESIAN_POINT('',(6.,22.45,9.999999999999E-02));
#2303 = VECTOR('',#2304,1.);
#2304 = DIRECTION('',(0.,0.,1.));
#2305 = ORIENTED_EDGE('',*,*,#1325,.F.);
#2306 = ORIENTED_EDGE('',*,*,#2267,.T.);
#2307 = PLANE('',#2308);
#2308 = AXIS2_PLACEMENT_3D('',#2309,#2310,#2311);
#2309 = CARTESIAN_POINT('',(6.,8.000000000079,0.));
#2310 = DIRECTION('',(-1.,0.,0.));
#2311 = DIRECTION('',(0.,1.,0.));
#2312 = ADVANCED_FACE('',(#2313),#2324,.T.);
#2313 = FACE_BOUND('',#2314,.T.);
#2314 = EDGE_LOOP('',(#2315,#2316,#2317,#2323));
#2315 = ORIENTED_EDGE('',*,*,#2283,.F.);
#2316 = ORIENTED_EDGE('',*,*,#1713,.T.);
#2317 = ORIENTED_EDGE('',*,*,#2318,.T.);
#2318 = EDGE_CURVE('',#1714,#1096,#2319,.T.);
#2319 = LINE('',#2320,#2321);
#2320 = CARTESIAN_POINT('',(-4.55,24.,9.999999999999E-02));
#2321 = VECTOR('',#2322,1.);
#2322 = DIRECTION('',(0.,0.,1.));
#2323 = ORIENTED_EDGE('',*,*,#1095,.F.);
#2324 = CYLINDRICAL_SURFACE('',#2325,1.45);
#2325 = AXIS2_PLACEMENT_3D('',#2326,#2327,#2328);
#2326 = CARTESIAN_POINT('',(-4.55,25.45,9.999999999999E-02));
#2327 = DIRECTION('',(0.,0.,1.));
#2328 = DIRECTION('',(-1.,0.,0.));
#2329 = ADVANCED_FACE('',(#2330),#2341,.T.);
#2330 = FACE_BOUND('',#2331,.F.);
#2331 = EDGE_LOOP('',(#2332,#2333,#2334,#2340));
#2332 = ORIENTED_EDGE('',*,*,#2300,.F.);
#2333 = ORIENTED_EDGE('',*,*,#1934,.F.);
#2334 = ORIENTED_EDGE('',*,*,#2335,.T.);
#2335 = EDGE_CURVE('',#1927,#1309,#2336,.T.);
#2336 = LINE('',#2337,#2338);
#2337 = CARTESIAN_POINT('',(4.55,21.,9.999999999999E-02));
#2338 = VECTOR('',#2339,1.);
#2339 = DIRECTION('',(0.,0.,1.));
#2340 = ORIENTED_EDGE('',*,*,#1316,.F.);
#2341 = CYLINDRICAL_SURFACE('',#2342,1.45);
#2342 = AXIS2_PLACEMENT_3D('',#2343,#2344,#2345);
#2343 = CARTESIAN_POINT('',(4.55,22.45,9.999999999999E-02));
#2344 = DIRECTION('',(0.,0.,1.));
#2345 = DIRECTION('',(1.,0.,0.));
#2346 = ADVANCED_FACE('',(#2347),#2358,.T.);
#2347 = FACE_BOUND('',#2348,.T.);
#2348 = EDGE_LOOP('',(#2349,#2350,#2356,#2357));
#2349 = ORIENTED_EDGE('',*,*,#1722,.F.);
#2350 = ORIENTED_EDGE('',*,*,#2351,.T.);
#2351 = EDGE_CURVE('',#1723,#1105,#2352,.T.);
#2352 = LINE('',#2353,#2354);
#2353 = CARTESIAN_POINT('',(3.55,24.,9.999999999999E-02));
#2354 = VECTOR('',#2355,1.);
#2355 = DIRECTION('',(0.,0.,1.));
#2356 = ORIENTED_EDGE('',*,*,#1104,.F.);
#2357 = ORIENTED_EDGE('',*,*,#2318,.F.);
#2358 = PLANE('',#2359);
#2359 = AXIS2_PLACEMENT_3D('',#2360,#2361,#2362);
#2360 = CARTESIAN_POINT('',(4.,24.,0.));
#2361 = DIRECTION('',(0.,-1.,0.));
#2362 = DIRECTION('',(-1.,0.,0.));
#2363 = ADVANCED_FACE('',(#2364),#2375,.T.);
#2364 = FACE_BOUND('',#2365,.T.);
#2365 = EDGE_LOOP('',(#2366,#2367,#2368,#2374));
#2366 = ORIENTED_EDGE('',*,*,#2335,.T.);
#2367 = ORIENTED_EDGE('',*,*,#1308,.F.);
#2368 = ORIENTED_EDGE('',*,*,#2369,.F.);
#2369 = EDGE_CURVE('',#1918,#1300,#2370,.T.);
#2370 = LINE('',#2371,#2372);
#2371 = CARTESIAN_POINT('',(-3.55,21.,9.999999999999E-02));
#2372 = VECTOR('',#2373,1.);
#2373 = DIRECTION('',(0.,0.,1.));
#2374 = ORIENTED_EDGE('',*,*,#1926,.F.);
#2375 = PLANE('',#2376);
#2376 = AXIS2_PLACEMENT_3D('',#2377,#2378,#2379);
#2377 = CARTESIAN_POINT('',(6.5,21.,0.));
#2378 = DIRECTION('',(0.,-1.,0.));
#2379 = DIRECTION('',(-1.,0.,0.));
#2380 = ADVANCED_FACE('',(#2381),#2392,.F.);
#2381 = FACE_BOUND('',#2382,.F.);
#2382 = EDGE_LOOP('',(#2383,#2389,#2390,#2391));
#2383 = ORIENTED_EDGE('',*,*,#2384,.F.);
#2384 = EDGE_CURVE('',#1731,#1113,#2385,.T.);
#2385 = LINE('',#2386,#2387);
#2386 = CARTESIAN_POINT('',(4.,23.55,9.999999999999E-02));
#2387 = VECTOR('',#2388,1.);
#2388 = DIRECTION('',(0.,0.,1.));
#2389 = ORIENTED_EDGE('',*,*,#1730,.T.);
#2390 = ORIENTED_EDGE('',*,*,#2351,.T.);
#2391 = ORIENTED_EDGE('',*,*,#1112,.F.);
#2392 = CYLINDRICAL_SURFACE('',#2393,0.45);
#2393 = AXIS2_PLACEMENT_3D('',#2394,#2395,#2396);
#2394 = CARTESIAN_POINT('',(3.55,23.55,9.999999999999E-02));
#2395 = DIRECTION('',(0.,0.,1.));
#2396 = DIRECTION('',(1.,0.,0.));
#2397 = ADVANCED_FACE('',(#2398),#2409,.F.);
#2398 = FACE_BOUND('',#2399,.F.);
#2399 = EDGE_LOOP('',(#2400,#2401,#2402,#2408));
#2400 = ORIENTED_EDGE('',*,*,#2369,.F.);
#2401 = ORIENTED_EDGE('',*,*,#1917,.T.);
#2402 = ORIENTED_EDGE('',*,*,#2403,.T.);
#2403 = EDGE_CURVE('',#1910,#1292,#2404,.T.);
#2404 = LINE('',#2405,#2406);
#2405 = CARTESIAN_POINT('',(-4.,20.55,9.999999999999E-02));
#2406 = VECTOR('',#2407,1.);
#2407 = DIRECTION('',(0.,0.,1.));
#2408 = ORIENTED_EDGE('',*,*,#1299,.F.);
#2409 = CYLINDRICAL_SURFACE('',#2410,0.45);
#2410 = AXIS2_PLACEMENT_3D('',#2411,#2412,#2413);
#2411 = CARTESIAN_POINT('',(-3.55,20.55,9.999999999999E-02));
#2412 = DIRECTION('',(0.,0.,1.));
#2413 = DIRECTION('',(0.,1.,0.));
#2414 = ADVANCED_FACE('',(#2415),#2426,.T.);
#2415 = FACE_BOUND('',#2416,.T.);
#2416 = EDGE_LOOP('',(#2417,#2418,#2424,#2425));
#2417 = ORIENTED_EDGE('',*,*,#1739,.F.);
#2418 = ORIENTED_EDGE('',*,*,#2419,.T.);
#2419 = EDGE_CURVE('',#1740,#1122,#2420,.T.);
#2420 = LINE('',#2421,#2422);
#2421 = CARTESIAN_POINT('',(4.,23.45,9.999999999999E-02));
#2422 = VECTOR('',#2423,1.);
#2423 = DIRECTION('',(0.,0.,1.));
#2424 = ORIENTED_EDGE('',*,*,#1121,.F.);
#2425 = ORIENTED_EDGE('',*,*,#2384,.F.);
#2426 = PLANE('',#2427);
#2427 = AXIS2_PLACEMENT_3D('',#2428,#2429,#2430);
#2428 = CARTESIAN_POINT('',(4.,23.,0.));
#2429 = DIRECTION('',(-1.,0.,0.));
#2430 = DIRECTION('',(0.,1.,0.));
#2431 = ADVANCED_FACE('',(#2432),#2443,.T.);
#2432 = FACE_BOUND('',#2433,.T.);
#2433 = EDGE_LOOP('',(#2434,#2435,#2436,#2437));
#2434 = ORIENTED_EDGE('',*,*,#1909,.F.);
#2435 = ORIENTED_EDGE('',*,*,#2403,.T.);
#2436 = ORIENTED_EDGE('',*,*,#1291,.F.);
#2437 = ORIENTED_EDGE('',*,*,#2438,.F.);
#2438 = EDGE_CURVE('',#1901,#1283,#2439,.T.);
#2439 = LINE('',#2440,#2441);
#2440 = CARTESIAN_POINT('',(-4.,20.45,9.999999999999E-02));
#2441 = VECTOR('',#2442,1.);
#2442 = DIRECTION('',(0.,0.,1.));
#2443 = PLANE('',#2444);
#2444 = AXIS2_PLACEMENT_3D('',#2445,#2446,#2447);
#2445 = CARTESIAN_POINT('',(-4.,21.,0.));
#2446 = DIRECTION('',(1.,0.,0.));
#2447 = DIRECTION('',(0.,-1.,0.));
#2448 = ADVANCED_FACE('',(#2449),#2460,.F.);
#2449 = FACE_BOUND('',#2450,.F.);
#2450 = EDGE_LOOP('',(#2451,#2457,#2458,#2459));
#2451 = ORIENTED_EDGE('',*,*,#2452,.F.);
#2452 = EDGE_CURVE('',#1748,#1130,#2453,.T.);
#2453 = LINE('',#2454,#2455);
#2454 = CARTESIAN_POINT('',(3.55,23.,9.999999999999E-02));
#2455 = VECTOR('',#2456,1.);
#2456 = DIRECTION('',(0.,0.,1.));
#2457 = ORIENTED_EDGE('',*,*,#1747,.T.);
#2458 = ORIENTED_EDGE('',*,*,#2419,.T.);
#2459 = ORIENTED_EDGE('',*,*,#1129,.F.);
#2460 = CYLINDRICAL_SURFACE('',#2461,0.45);
#2461 = AXIS2_PLACEMENT_3D('',#2462,#2463,#2464);
#2462 = CARTESIAN_POINT('',(3.55,23.45,9.999999999999E-02));
#2463 = DIRECTION('',(0.,0.,1.));
#2464 = DIRECTION('',(0.,-1.,0.));
#2465 = ADVANCED_FACE('',(#2466),#2477,.F.);
#2466 = FACE_BOUND('',#2467,.F.);
#2467 = EDGE_LOOP('',(#2468,#2469,#2470,#2476));
#2468 = ORIENTED_EDGE('',*,*,#2438,.F.);
#2469 = ORIENTED_EDGE('',*,*,#1900,.T.);
#2470 = ORIENTED_EDGE('',*,*,#2471,.T.);
#2471 = EDGE_CURVE('',#1893,#1275,#2472,.T.);
#2472 = LINE('',#2473,#2474);
#2473 = CARTESIAN_POINT('',(-3.55,20.,9.999999999999E-02));
#2474 = VECTOR('',#2475,1.);
#2475 = DIRECTION('',(0.,0.,1.));
#2476 = ORIENTED_EDGE('',*,*,#1282,.F.);
#2477 = CYLINDRICAL_SURFACE('',#2478,0.45);
#2478 = AXIS2_PLACEMENT_3D('',#2479,#2480,#2481);
#2479 = CARTESIAN_POINT('',(-3.55,20.45,9.999999999999E-02));
#2480 = DIRECTION('',(0.,0.,1.));
#2481 = DIRECTION('',(-1.,0.,0.));
#2482 = ADVANCED_FACE('',(#2483),#2494,.T.);
#2483 = FACE_BOUND('',#2484,.T.);
#2484 = EDGE_LOOP('',(#2485,#2491,#2492,#2493));
#2485 = ORIENTED_EDGE('',*,*,#2486,.F.);
#2486 = EDGE_CURVE('',#1139,#1757,#2487,.T.);
#2487 = LINE('',#2488,#2489);
#2488 = CARTESIAN_POINT('',(-4.55,23.,7.6));
#2489 = VECTOR('',#2490,1.);
#2490 = DIRECTION('',(0.,0.,-1.));
#2491 = ORIENTED_EDGE('',*,*,#1138,.F.);
#2492 = ORIENTED_EDGE('',*,*,#2452,.F.);
#2493 = ORIENTED_EDGE('',*,*,#1756,.F.);
#2494 = PLANE('',#2495);
#2495 = AXIS2_PLACEMENT_3D('',#2496,#2497,#2498);
#2496 = CARTESIAN_POINT('',(-6.5,23.,0.));
#2497 = DIRECTION('',(0.,1.,0.));
#2498 = DIRECTION('',(1.,0.,0.));
#2499 = ADVANCED_FACE('',(#2500),#2511,.T.);
#2500 = FACE_BOUND('',#2501,.T.);
#2501 = EDGE_LOOP('',(#2502,#2503,#2504,#2505));
#2502 = ORIENTED_EDGE('',*,*,#1892,.F.);
#2503 = ORIENTED_EDGE('',*,*,#2471,.T.);
#2504 = ORIENTED_EDGE('',*,*,#1274,.F.);
#2505 = ORIENTED_EDGE('',*,*,#2506,.T.);
#2506 = EDGE_CURVE('',#1266,#1884,#2507,.T.);
#2507 = LINE('',#2508,#2509);
#2508 = CARTESIAN_POINT('',(4.55,20.,7.6));
#2509 = VECTOR('',#2510,1.);
#2510 = DIRECTION('',(0.,0.,-1.));
#2511 = PLANE('',#2512);
#2512 = AXIS2_PLACEMENT_3D('',#2513,#2514,#2515);
#2513 = CARTESIAN_POINT('',(-4.,20.,0.));
#2514 = DIRECTION('',(0.,1.,0.));
#2515 = DIRECTION('',(1.,0.,0.));
#2516 = ADVANCED_FACE('',(#2517),#2528,.T.);
#2517 = FACE_BOUND('',#2518,.F.);
#2518 = EDGE_LOOP('',(#2519,#2520,#2521,#2527));
#2519 = ORIENTED_EDGE('',*,*,#2486,.F.);
#2520 = ORIENTED_EDGE('',*,*,#1146,.T.);
#2521 = ORIENTED_EDGE('',*,*,#2522,.T.);
#2522 = EDGE_CURVE('',#1147,#1765,#2523,.T.);
#2523 = LINE('',#2524,#2525);
#2524 = CARTESIAN_POINT('',(-6.,21.55,7.6));
#2525 = VECTOR('',#2526,1.);
#2526 = DIRECTION('',(0.,0.,-1.));
#2527 = ORIENTED_EDGE('',*,*,#1764,.T.);
#2528 = CYLINDRICAL_SURFACE('',#2529,1.45);
#2529 = AXIS2_PLACEMENT_3D('',#2530,#2531,#2532);
#2530 = CARTESIAN_POINT('',(-4.55,21.55,7.6));
#2531 = DIRECTION('',(0.,0.,-1.));
#2532 = DIRECTION('',(0.,1.,0.));
#2533 = ADVANCED_FACE('',(#2534),#2545,.T.);
#2534 = FACE_BOUND('',#2535,.T.);
#2535 = EDGE_LOOP('',(#2536,#2537,#2538,#2544));
#2536 = ORIENTED_EDGE('',*,*,#2506,.F.);
#2537 = ORIENTED_EDGE('',*,*,#1265,.T.);
#2538 = ORIENTED_EDGE('',*,*,#2539,.T.);
#2539 = EDGE_CURVE('',#1258,#1876,#2540,.T.);
#2540 = LINE('',#2541,#2542);
#2541 = CARTESIAN_POINT('',(6.,18.55,7.6));
#2542 = VECTOR('',#2543,1.);
#2543 = DIRECTION('',(0.,0.,-1.));
#2544 = ORIENTED_EDGE('',*,*,#1883,.F.);
#2545 = CYLINDRICAL_SURFACE('',#2546,1.45);
#2546 = AXIS2_PLACEMENT_3D('',#2547,#2548,#2549);
#2547 = CARTESIAN_POINT('',(4.55,18.55,7.6));
#2548 = DIRECTION('',(0.,0.,-1.));
#2549 = DIRECTION('',(0.,1.,0.));
#2550 = ADVANCED_FACE('',(#2551),#2562,.F.);
#2551 = FACE_BOUND('',#2552,.T.);
#2552 = EDGE_LOOP('',(#2553,#2554,#2560,#2561));
#2553 = ORIENTED_EDGE('',*,*,#1773,.F.);
#2554 = ORIENTED_EDGE('',*,*,#2555,.T.);
#2555 = EDGE_CURVE('',#1774,#1156,#2556,.T.);
#2556 = LINE('',#2557,#2558);
#2557 = CARTESIAN_POINT('',(-6.,19.45,9.999999999999E-02));
#2558 = VECTOR('',#2559,1.);
#2559 = DIRECTION('',(0.,0.,1.));
#2560 = ORIENTED_EDGE('',*,*,#1155,.F.);
#2561 = ORIENTED_EDGE('',*,*,#2522,.T.);
#2562 = PLANE('',#2563);
#2563 = AXIS2_PLACEMENT_3D('',#2564,#2565,#2566);
#2564 = CARTESIAN_POINT('',(-6.,8.000000000079,0.));
#2565 = DIRECTION('',(1.,0.,0.));
#2566 = DIRECTION('',(0.,-1.,0.));
#2567 = ADVANCED_FACE('',(#2568),#2579,.F.);
#2568 = FACE_BOUND('',#2569,.F.);
#2569 = EDGE_LOOP('',(#2570,#2571,#2577,#2578));
#2570 = ORIENTED_EDGE('',*,*,#1875,.F.);
#2571 = ORIENTED_EDGE('',*,*,#2572,.T.);
#2572 = EDGE_CURVE('',#1867,#1249,#2573,.T.);
#2573 = LINE('',#2574,#2575);
#2574 = CARTESIAN_POINT('',(6.,9.450000000079,9.999999999999E-02));
#2575 = VECTOR('',#2576,1.);
#2576 = DIRECTION('',(0.,0.,1.));
#2577 = ORIENTED_EDGE('',*,*,#1257,.F.);
#2578 = ORIENTED_EDGE('',*,*,#2539,.T.);
#2579 = PLANE('',#2580);
#2580 = AXIS2_PLACEMENT_3D('',#2581,#2582,#2583);
#2581 = CARTESIAN_POINT('',(6.,8.000000000079,0.));
#2582 = DIRECTION('',(-1.,0.,0.));
#2583 = DIRECTION('',(0.,1.,0.));
#2584 = ADVANCED_FACE('',(#2585),#2596,.T.);
#2585 = FACE_BOUND('',#2586,.T.);
#2586 = EDGE_LOOP('',(#2587,#2588,#2589,#2595));
#2587 = ORIENTED_EDGE('',*,*,#2555,.F.);
#2588 = ORIENTED_EDGE('',*,*,#1781,.T.);
#2589 = ORIENTED_EDGE('',*,*,#2590,.T.);
#2590 = EDGE_CURVE('',#1782,#1164,#2591,.T.);
#2591 = LINE('',#2592,#2593);
#2592 = CARTESIAN_POINT('',(-4.55,18.,9.999999999999E-02));
#2593 = VECTOR('',#2594,1.);
#2594 = DIRECTION('',(0.,0.,1.));
#2595 = ORIENTED_EDGE('',*,*,#1163,.F.);
#2596 = CYLINDRICAL_SURFACE('',#2597,1.45);
#2597 = AXIS2_PLACEMENT_3D('',#2598,#2599,#2600);
#2598 = CARTESIAN_POINT('',(-4.55,19.45,9.999999999999E-02));
#2599 = DIRECTION('',(0.,0.,1.));
#2600 = DIRECTION('',(-1.,0.,0.));
#2601 = ADVANCED_FACE('',(#2602),#2613,.T.);
#2602 = FACE_BOUND('',#2603,.F.);
#2603 = EDGE_LOOP('',(#2604,#2605,#2606,#2612));
#2604 = ORIENTED_EDGE('',*,*,#2572,.F.);
#2605 = ORIENTED_EDGE('',*,*,#1866,.F.);
#2606 = ORIENTED_EDGE('',*,*,#2607,.T.);
#2607 = EDGE_CURVE('',#1859,#1241,#2608,.T.);
#2608 = LINE('',#2609,#2610);
#2609 = CARTESIAN_POINT('',(4.55,8.000000000079,9.999999999999E-02));
#2610 = VECTOR('',#2611,1.);
#2611 = DIRECTION('',(0.,0.,1.));
#2612 = ORIENTED_EDGE('',*,*,#1248,.F.);
#2613 = CYLINDRICAL_SURFACE('',#2614,1.45);
#2614 = AXIS2_PLACEMENT_3D('',#2615,#2616,#2617);
#2615 = CARTESIAN_POINT('',(4.55,9.450000000079,9.999999999999E-02));
#2616 = DIRECTION('',(0.,0.,1.));
#2617 = DIRECTION('',(1.,0.,0.));
#2618 = ADVANCED_FACE('',(#2619),#2630,.T.);
#2619 = FACE_BOUND('',#2620,.T.);
#2620 = EDGE_LOOP('',(#2621,#2622,#2628,#2629));
#2621 = ORIENTED_EDGE('',*,*,#1790,.F.);
#2622 = ORIENTED_EDGE('',*,*,#2623,.T.);
#2623 = EDGE_CURVE('',#1791,#1173,#2624,.T.);
#2624 = LINE('',#2625,#2626);
#2625 = CARTESIAN_POINT('',(3.55,18.,9.999999999999E-02));
#2626 = VECTOR('',#2627,1.);
#2627 = DIRECTION('',(0.,0.,1.));
#2628 = ORIENTED_EDGE('',*,*,#1172,.F.);
#2629 = ORIENTED_EDGE('',*,*,#2590,.F.);
#2630 = PLANE('',#2631);
#2631 = AXIS2_PLACEMENT_3D('',#2632,#2633,#2634);
#2632 = CARTESIAN_POINT('',(4.,18.,0.));
#2633 = DIRECTION('',(0.,-1.,0.));
#2634 = DIRECTION('',(-1.,0.,0.));
#2635 = ADVANCED_FACE('',(#2636),#2647,.T.);
#2636 = FACE_BOUND('',#2637,.T.);
#2637 = EDGE_LOOP('',(#2638,#2644,#2645,#2646));
#2638 = ORIENTED_EDGE('',*,*,#2639,.F.);
#2639 = EDGE_CURVE('',#1850,#1232,#2640,.T.);
#2640 = LINE('',#2641,#2642);
#2641 = CARTESIAN_POINT('',(-4.55,8.000000000079,9.999999999999E-02));
#2642 = VECTOR('',#2643,1.);
#2643 = DIRECTION('',(0.,0.,1.));
#2644 = ORIENTED_EDGE('',*,*,#1858,.F.);
#2645 = ORIENTED_EDGE('',*,*,#2607,.T.);
#2646 = ORIENTED_EDGE('',*,*,#1240,.F.);
#2647 = PLANE('',#2648);
#2648 = AXIS2_PLACEMENT_3D('',#2649,#2650,#2651);
#2649 = CARTESIAN_POINT('',(0.,8.000000000079,3.85));
#2650 = DIRECTION('',(-0.,-1.,-0.));
#2651 = DIRECTION('',(0.,0.,-1.));
#2652 = ADVANCED_FACE('',(#2653),#2664,.F.);
#2653 = FACE_BOUND('',#2654,.F.);
#2654 = EDGE_LOOP('',(#2655,#2661,#2662,#2663));
#2655 = ORIENTED_EDGE('',*,*,#2656,.F.);
#2656 = EDGE_CURVE('',#1799,#1181,#2657,.T.);
#2657 = LINE('',#2658,#2659);
#2658 = CARTESIAN_POINT('',(4.,17.55,9.999999999999E-02));
#2659 = VECTOR('',#2660,1.);
#2660 = DIRECTION('',(0.,0.,1.));
#2661 = ORIENTED_EDGE('',*,*,#1798,.T.);
#2662 = ORIENTED_EDGE('',*,*,#2623,.T.);
#2663 = ORIENTED_EDGE('',*,*,#1180,.F.);
#2664 = CYLINDRICAL_SURFACE('',#2665,0.45);
#2665 = AXIS2_PLACEMENT_3D('',#2666,#2667,#2668);
#2666 = CARTESIAN_POINT('',(3.55,17.55,9.999999999999E-02));
#2667 = DIRECTION('',(0.,0.,1.));
#2668 = DIRECTION('',(1.,0.,0.));
#2669 = ADVANCED_FACE('',(#2670),#2681,.T.);
#2670 = FACE_BOUND('',#2671,.F.);
#2671 = EDGE_LOOP('',(#2672,#2673,#2674,#2680));
#2672 = ORIENTED_EDGE('',*,*,#2639,.F.);
#2673 = ORIENTED_EDGE('',*,*,#1849,.F.);
#2674 = ORIENTED_EDGE('',*,*,#2675,.T.);
#2675 = EDGE_CURVE('',#1842,#1224,#2676,.T.);
#2676 = LINE('',#2677,#2678);
#2677 = CARTESIAN_POINT('',(-6.,9.450000000079,9.999999999999E-02));
#2678 = VECTOR('',#2679,1.);
#2679 = DIRECTION('',(0.,0.,1.));
#2680 = ORIENTED_EDGE('',*,*,#1231,.F.);
#2681 = CYLINDRICAL_SURFACE('',#2682,1.45);
#2682 = AXIS2_PLACEMENT_3D('',#2683,#2684,#2685);
#2683 = CARTESIAN_POINT('',(-4.55,9.450000000079,9.999999999999E-02));
#2684 = DIRECTION('',(0.,0.,1.));
#2685 = DIRECTION('',(0.,-1.,0.));
#2686 = ADVANCED_FACE('',(#2687),#2698,.T.);
#2687 = FACE_BOUND('',#2688,.T.);
#2688 = EDGE_LOOP('',(#2689,#2690,#2696,#2697));
#2689 = ORIENTED_EDGE('',*,*,#1807,.F.);
#2690 = ORIENTED_EDGE('',*,*,#2691,.T.);
#2691 = EDGE_CURVE('',#1808,#1190,#2692,.T.);
#2692 = LINE('',#2693,#2694);
#2693 = CARTESIAN_POINT('',(4.,17.45,9.999999999999E-02));
#2694 = VECTOR('',#2695,1.);
#2695 = DIRECTION('',(0.,0.,1.));
#2696 = ORIENTED_EDGE('',*,*,#1189,.F.);
#2697 = ORIENTED_EDGE('',*,*,#2656,.F.);
#2698 = PLANE('',#2699);
#2699 = AXIS2_PLACEMENT_3D('',#2700,#2701,#2702);
#2700 = CARTESIAN_POINT('',(4.,17.,0.));
#2701 = DIRECTION('',(-1.,0.,0.));
#2702 = DIRECTION('',(0.,1.,0.));
#2703 = ADVANCED_FACE('',(#2704),#2715,.F.);
#2704 = FACE_BOUND('',#2705,.T.);
#2705 = EDGE_LOOP('',(#2706,#2707,#2708,#2709));
#2706 = ORIENTED_EDGE('',*,*,#1841,.F.);
#2707 = ORIENTED_EDGE('',*,*,#2675,.T.);
#2708 = ORIENTED_EDGE('',*,*,#1223,.F.);
#2709 = ORIENTED_EDGE('',*,*,#2710,.T.);
#2710 = EDGE_CURVE('',#1215,#1833,#2711,.T.);
#2711 = LINE('',#2712,#2713);
#2712 = CARTESIAN_POINT('',(-6.,15.55,7.6));
#2713 = VECTOR('',#2714,1.);
#2714 = DIRECTION('',(0.,0.,-1.));
#2715 = PLANE('',#2716);
#2716 = AXIS2_PLACEMENT_3D('',#2717,#2718,#2719);
#2717 = CARTESIAN_POINT('',(-6.,8.000000000079,0.));
#2718 = DIRECTION('',(1.,0.,0.));
#2719 = DIRECTION('',(0.,-1.,0.));
#2720 = ADVANCED_FACE('',(#2721),#2732,.F.);
#2721 = FACE_BOUND('',#2722,.F.);
#2722 = EDGE_LOOP('',(#2723,#2729,#2730,#2731));
#2723 = ORIENTED_EDGE('',*,*,#2724,.F.);
#2724 = EDGE_CURVE('',#1816,#1198,#2725,.T.);
#2725 = LINE('',#2726,#2727);
#2726 = CARTESIAN_POINT('',(3.55,17.,9.999999999999E-02));
#2727 = VECTOR('',#2728,1.);
#2728 = DIRECTION('',(0.,0.,1.));
#2729 = ORIENTED_EDGE('',*,*,#1815,.T.);
#2730 = ORIENTED_EDGE('',*,*,#2691,.T.);
#2731 = ORIENTED_EDGE('',*,*,#1197,.F.);
#2732 = CYLINDRICAL_SURFACE('',#2733,0.45);
#2733 = AXIS2_PLACEMENT_3D('',#2734,#2735,#2736);
#2734 = CARTESIAN_POINT('',(3.55,17.45,9.999999999999E-02));
#2735 = DIRECTION('',(0.,0.,1.));
#2736 = DIRECTION('',(0.,-1.,0.));
#2737 = ADVANCED_FACE('',(#2738),#2749,.T.);
#2738 = FACE_BOUND('',#2739,.T.);
#2739 = EDGE_LOOP('',(#2740,#2741,#2742,#2748));
#2740 = ORIENTED_EDGE('',*,*,#2710,.F.);
#2741 = ORIENTED_EDGE('',*,*,#1214,.T.);
#2742 = ORIENTED_EDGE('',*,*,#2743,.T.);
#2743 = EDGE_CURVE('',#1207,#1825,#2744,.T.);
#2744 = LINE('',#2745,#2746);
#2745 = CARTESIAN_POINT('',(-4.55,17.,7.6));
#2746 = VECTOR('',#2747,1.);
#2747 = DIRECTION('',(0.,0.,-1.));
#2748 = ORIENTED_EDGE('',*,*,#1832,.F.);
#2749 = CYLINDRICAL_SURFACE('',#2750,1.45);
#2750 = AXIS2_PLACEMENT_3D('',#2751,#2752,#2753);
#2751 = CARTESIAN_POINT('',(-4.55,15.55,7.6));
#2752 = DIRECTION('',(0.,0.,-1.));
#2753 = DIRECTION('',(-1.,0.,0.));
#2754 = ADVANCED_FACE('',(#2755),#2761,.T.);
#2755 = FACE_BOUND('',#2756,.T.);
#2756 = EDGE_LOOP('',(#2757,#2758,#2759,#2760));
#2757 = ORIENTED_EDGE('',*,*,#2743,.F.);
#2758 = ORIENTED_EDGE('',*,*,#1206,.F.);
#2759 = ORIENTED_EDGE('',*,*,#2724,.F.);
#2760 = ORIENTED_EDGE('',*,*,#1824,.F.);
#2761 = PLANE('',#2762);
#2762 = AXIS2_PLACEMENT_3D('',#2763,#2764,#2765);
#2763 = CARTESIAN_POINT('',(-6.5,17.,0.));
#2764 = DIRECTION('',(0.,1.,0.));
#2765 = DIRECTION('',(1.,0.,0.));
#2766 = ADVANCED_FACE('',(#2767),#2778,.F.);
#2767 = FACE_BOUND('',#2768,.T.);
#2768 = EDGE_LOOP('',(#2769,#2775,#2776,#2777));
#2769 = ORIENTED_EDGE('',*,*,#2770,.F.);
#2770 = EDGE_CURVE('',#2020,#2054,#2771,.T.);
#2771 = LINE('',#2772,#2773);
#2772 = CARTESIAN_POINT('',(-3.15,13.,3.1));
#2773 = VECTOR('',#2774,1.);
#2774 = DIRECTION('',(0.707106781187,0.,0.707106781187));
#2775 = ORIENTED_EDGE('',*,*,#2019,.T.);
#2776 = ORIENTED_EDGE('',*,*,#2770,.T.);
#2777 = ORIENTED_EDGE('',*,*,#2061,.F.);
#2778 = CONICAL_SURFACE('',#2779,3.15,0.785398163397);
#2779 = AXIS2_PLACEMENT_3D('',#2780,#2781,#2782);
#2780 = CARTESIAN_POINT('',(0.,13.,3.1));
#2781 = DIRECTION('',(0.,0.,-1.));
#2782 = DIRECTION('',(-1.,0.,0.));
#2783 = ( GEOMETRIC_REPRESENTATION_CONTEXT(3) 
GLOBAL_UNCERTAINTY_ASSIGNED_CONTEXT((#2787)) 
GLOBAL_UNIT_ASSIGNED_CONTEXT((#2784,#2785,#2786)) REPRESENTATION_CONTEXT
('Context #1','3D Context with UNIT and UNCERTAINTY') );
#2784 = ( LENGTH_UNIT() NAMED_UNIT(*) SI_UNIT(.MILLI.,.METRE.) );
#2785 = ( NAMED_UNIT(*) PLANE_ANGLE_UNIT() SI_UNIT($,.RADIAN.) );
#2786 = ( NAMED_UNIT(*) SI_UNIT($,.STERADIAN.) SOLID_ANGLE_UNIT() );
#2787 = UNCERTAINTY_MEASURE_WITH_UNIT(LENGTH_MEASURE(1.E-04),#2784,
  'distance_accuracy_value','confusion accuracy');
#2788 = PRODUCT_RELATED_PRODUCT_CATEGORY('part',$,(#7));
#2789 = MECHANICAL_DESIGN_GEOMETRIC_PRESENTATION_REPRESENTATION('',(
    #2790),#2783);
#2790 = STYLED_ITEM('color',(#2791),#15);
#2791 = PRESENTATION_STYLE_ASSIGNMENT((#2792,#2798));
#2792 = SURFACE_STYLE_USAGE(.BOTH.,#2793);
#2793 = SURFACE_SIDE_STYLE('',(#2794));
#2794 = SURFACE_STYLE_FILL_AREA(#2795);
#2795 = FILL_AREA_STYLE('',(#2796));
#2796 = FILL_AREA_STYLE_COLOUR('',#2797);
#2797 = DRAUGHTING_PRE_DEFINED_COLOUR('red');
#2798 = CURVE_STYLE('',#2799,POSITIVE_LENGTH_MEASURE(0.1),#2800);
#2799 = DRAUGHTING_PRE_DEFINED_CURVE_FONT('continuous');
#2800 = COLOUR_RGB('',7.450980588415E-02,7.450980588415E-02,
  7.450980588415E-02);
ENDSEC;
END-ISO-10303-21;
